,Date,Location,Tempature (C),Min_Temperature (C),Max_Temperature (C),Wind_Speed (m/s),Wind_Direction (Â°),Humidity (%),Pressure (hPa),Cloud (%),Today_Rain,Tomorrow_Rain
0,2024-01-06 11:30:00,London,5.610000000000014,5.610000000000014,5.6200000000000045,2.72,354,86,1011,83,0,0
1,2024-01-06 14:30:00,London,5.2900000000000205,5.140000000000043,5.2900000000000205,3.16,353,85,1014,90,0,0
2,2024-01-06 17:30:00,London,5.850000000000023,5.850000000000023,5.850000000000023,4.08,5,68,1018,77,0,0
3,2024-01-06 20:30:00,London,5.490000000000009,5.490000000000009,5.490000000000009,3.35,356,72,1018,100,0,0
4,2024-01-06 23:30:00,London,4.970000000000027,4.970000000000027,4.970000000000027,3.43,13,77,1020,100,0,0
5,2024-01-07 02:30:00,London,3.9700000000000273,3.9700000000000273,3.9700000000000273,3.47,6,77,1021,88,0,0
6,2024-01-07 05:30:00,London,4.020000000000039,4.020000000000039,4.020000000000039,3.94,8,71,1022,91,0,0
7,2024-01-07 08:30:00,London,2.8000000000000114,2.8000000000000114,2.8000000000000114,3.98,4,71,1024,38,0,0
8,2024-01-07 11:30:00,London,2.8000000000000114,2.8000000000000114,2.8000000000000114,4.37,4,70,1025,46,0,0
9,2024-01-07 14:30:00,London,3.420000000000016,3.420000000000016,3.420000000000016,4.62,18,65,1027,100,0,0
10,2024-01-07 17:30:00,London,4.640000000000043,4.640000000000043,4.640000000000043,4.95,25,60,1028,55,0,0
11,2024-01-07 20:30:00,London,4.5400000000000205,4.5400000000000205,4.5400000000000205,4.99,28,62,1029,16,0,0
12,2024-01-07 23:30:00,London,3.4700000000000273,3.4700000000000273,3.4700000000000273,4.0,35,67,1030,44,0,0
13,2024-01-08 02:30:00,London,3.25,3.25,3.25,4.02,32,69,1032,42,0,0
14,2024-01-08 05:30:00,London,2.32000000000005,2.32000000000005,2.32000000000005,4.06,33,71,1032,26,0,0
15,2024-01-08 08:30:00,London,1.9800000000000182,1.9800000000000182,1.9800000000000182,3.93,34,71,1033,7,0,0
16,2024-01-08 11:30:00,London,1.6800000000000068,1.6800000000000068,1.6800000000000068,4.01,30,70,1033,7,0,0
17,2024-01-08 14:30:00,London,1.7900000000000205,1.7900000000000205,1.7900000000000205,4.54,30,65,1033,6,0,0
18,2024-01-08 17:30:00,London,3.920000000000016,3.920000000000016,3.920000000000016,5.2,43,58,1033,7,0,0
19,2024-01-08 20:30:00,London,3.6200000000000045,3.6200000000000045,3.6200000000000045,5.34,41,68,1032,38,0,0
20,2024-01-08 23:30:00,London,2.400000000000034,2.400000000000034,2.400000000000034,5.19,41,66,1033,58,0,0
21,2024-01-09 02:30:00,London,2.150000000000034,2.150000000000034,2.150000000000034,5.31,41,67,1033,97,0,0
22,2024-01-09 05:30:00,London,1.7200000000000273,1.7200000000000273,1.7200000000000273,5.78,50,61,1032,92,0,0
23,2024-01-09 08:30:00,London,1.2800000000000296,1.2800000000000296,1.2800000000000296,5.41,54,63,1032,92,0,0
24,2024-01-09 11:30:00,London,1.2700000000000387,1.2700000000000387,1.2700000000000387,5.46,56,61,1033,62,0,0
25,2024-01-09 14:30:00,London,1.740000000000009,1.740000000000009,1.740000000000009,5.93,57,57,1034,4,0,0
26,2024-01-09 17:30:00,London,4.110000000000014,4.110000000000014,4.110000000000014,6.39,60,49,1034,2,0,0
27,2024-01-09 20:30:00,London,3.8100000000000023,3.8100000000000023,3.8100000000000023,6.47,52,50,1033,0,0,0
28,2024-01-09 23:30:00,London,2.2200000000000273,2.2200000000000273,2.2200000000000273,6.07,46,54,1034,0,0,0
29,2024-01-10 02:30:00,London,2.07000000000005,2.07000000000005,2.07000000000005,5.72,43,59,1034,0,0,0
30,2024-01-10 05:30:00,London,1.8700000000000045,1.8700000000000045,1.8700000000000045,5.25,41,68,1033,0,0,0
31,2024-01-10 08:30:00,London,1.7100000000000364,1.7100000000000364,1.7100000000000364,4.89,39,74,1033,13,0,0
32,2024-01-10 11:30:00,London,1.830000000000041,1.830000000000041,1.830000000000041,4.69,40,73,1032,15,0,0
33,2024-01-10 14:30:00,London,2.2800000000000296,2.2800000000000296,2.2800000000000296,4.33,42,71,1033,73,0,0
34,2024-01-10 17:30:00,London,4.82000000000005,4.82000000000005,4.82000000000005,4.65,49,56,1032,65,0,0
35,2024-01-10 20:30:00,London,4.860000000000014,4.860000000000014,4.860000000000014,4.83,48,54,1031,11,0,0
36,2024-01-10 23:30:00,London,2.830000000000041,2.830000000000041,2.830000000000041,4.62,45,61,1032,8,0,0
37,2024-01-11 02:30:00,London,2.0100000000000477,2.0100000000000477,2.0100000000000477,3.88,48,63,1033,1,0,0
38,2024-01-11 05:30:00,London,1.5300000000000296,1.5300000000000296,1.5300000000000296,3.15,47,63,1033,5,0,0
39,2024-01-11 08:30:00,London,1.0400000000000205,1.0400000000000205,1.0400000000000205,3.04,36,66,1034,0,0,0
40,2024-01-06 11:30:00,Paris,5.090000000000032,5.090000000000032,6.5,2.66,333,87,1010,94,0,0
41,2024-01-06 14:30:00,Paris,5.710000000000036,5.710000000000036,6.3799999999999955,3.29,326,80,1012,100,0,0
42,2024-01-06 17:30:00,Paris,6.840000000000032,6.840000000000032,6.840000000000032,4.27,331,71,1014,100,0,0
43,2024-01-06 20:30:00,Paris,6.57000000000005,6.57000000000005,6.57000000000005,4.24,341,71,1014,100,0,0
44,2024-01-06 23:30:00,Paris,6.170000000000016,6.170000000000016,6.170000000000016,4.66,350,72,1016,100,1,0
45,2024-01-07 02:30:00,Paris,5.439999999999998,5.439999999999998,5.439999999999998,4.61,346,67,1017,94,0,0
46,2024-01-07 05:30:00,Paris,5.0,5.0,5.0,4.64,343,64,1017,84,0,0
47,2024-01-07 08:30:00,Paris,5.180000000000007,5.180000000000007,5.180000000000007,4.54,342,58,1018,95,0,0
48,2024-01-07 11:30:00,Paris,4.270000000000039,4.270000000000039,4.270000000000039,4.93,352,82,1018,98,0,0
49,2024-01-07 14:30:00,Paris,3.5100000000000477,3.5100000000000477,3.5100000000000477,4.68,7,78,1020,100,0,0
50,2024-01-07 17:30:00,Paris,3.420000000000016,3.420000000000016,3.420000000000016,5.29,10,75,1022,100,0,0
51,2024-01-07 20:30:00,Paris,3.1200000000000045,3.1200000000000045,3.1200000000000045,5.56,17,71,1022,100,0,0
52,2024-01-07 23:30:00,Paris,2.2600000000000477,2.2600000000000477,2.2600000000000477,5.22,21,73,1024,100,0,0
53,2024-01-08 02:30:00,Paris,0.6800000000000068,0.6800000000000068,0.6800000000000068,5.4,24,69,1025,86,0,0
54,2024-01-08 05:30:00,Paris,-0.23999999999995225,-0.23999999999995225,-0.23999999999995225,5.33,27,74,1026,62,0,0
55,2024-01-08 08:30:00,Paris,-0.38999999999998636,-0.38999999999998636,-0.38999999999998636,5.38,26,73,1027,92,0,0
56,2024-01-08 11:30:00,Paris,-0.9099999999999682,-0.9099999999999682,-0.9099999999999682,5.42,27,71,1027,96,0,0
57,2024-01-08 14:30:00,Paris,-1.3100000000000023,-1.3100000000000023,-1.3100000000000023,5.38,31,66,1028,100,0,0
58,2024-01-08 17:30:00,Paris,0.1500000000000341,0.1500000000000341,0.1500000000000341,5.3,35,59,1028,100,0,0
59,2024-01-08 20:30:00,Paris,0.75,0.75,0.75,5.26,32,55,1027,100,0,0
60,2024-01-08 23:30:00,Paris,-0.46999999999997044,-0.46999999999997044,-0.46999999999997044,5.1,37,59,1027,100,0,0
61,2024-01-09 02:30:00,Paris,-0.9899999999999523,-0.9899999999999523,-0.9899999999999523,4.76,38,60,1027,99,0,0
62,2024-01-09 05:30:00,Paris,-1.339999999999975,-1.339999999999975,-1.339999999999975,4.59,39,57,1027,100,0,0
63,2024-01-09 08:30:00,Paris,-1.4799999999999613,-1.4799999999999613,-1.4799999999999613,4.49,41,52,1027,99,0,0
64,2024-01-09 11:30:00,Paris,-1.7199999999999704,-1.7199999999999704,-1.7199999999999704,4.75,41,51,1027,97,0,0
65,2024-01-09 14:30:00,Paris,-1.3599999999999568,-1.3599999999999568,-1.3599999999999568,5.17,53,45,1027,89,0,0
66,2024-01-09 17:30:00,Paris,0.8700000000000045,0.8700000000000045,0.8700000000000045,5.51,65,32,1027,56,0,0
67,2024-01-09 20:30:00,Paris,1.3600000000000136,1.3600000000000136,1.3600000000000136,5.22,60,31,1026,3,0,0
68,2024-01-09 23:30:00,Paris,-0.19999999999998863,-0.19999999999998863,-0.19999999999998863,4.54,53,36,1027,2,0,0
69,2024-01-10 02:30:00,Paris,-0.8499999999999659,-0.8499999999999659,-0.8499999999999659,4.8,54,37,1027,30,0,0
70,2024-01-10 05:30:00,Paris,-1.25,-1.25,-1.25,4.47,57,38,1027,33,0,0
71,2024-01-10 08:30:00,Paris,-1.4099999999999682,-1.4099999999999682,-1.4099999999999682,4.15,58,39,1027,42,0,0
72,2024-01-10 11:30:00,Paris,-1.4699999999999704,-1.4699999999999704,-1.4699999999999704,3.93,63,40,1027,70,0,0
73,2024-01-10 14:30:00,Paris,-1.25,-1.25,-1.25,3.72,64,39,1028,97,0,0
74,2024-01-10 17:30:00,Paris,0.2300000000000182,0.2300000000000182,0.2300000000000182,3.21,65,37,1028,99,0,0
75,2024-01-10 20:30:00,Paris,0.9700000000000273,0.9700000000000273,0.9700000000000273,2.76,61,38,1027,57,0,0
76,2024-01-10 23:30:00,Paris,-0.5299999999999727,-0.5299999999999727,-0.5299999999999727,2.43,53,45,1028,31,0,0
77,2024-01-11 02:30:00,Paris,-0.8100000000000023,-0.8100000000000023,-0.8100000000000023,2.15,46,48,1029,22,0,0
78,2024-01-11 05:30:00,Paris,-0.9599999999999795,-0.9599999999999795,-0.9599999999999795,2.43,32,50,1029,12,0,0
79,2024-01-11 08:30:00,Paris,-1.0699999999999932,-1.0699999999999932,-1.0699999999999932,2.95,24,51,1029,1,0,0
80,2024-01-06 11:30:00,New York,-0.049999999999954525,-0.049999999999954525,0.5600000000000023,2.9,252,58,1023,21,0,1
81,2024-01-06 14:30:00,New York,0.160000000000025,0.160000000000025,0.410000000000025,1.7,265,56,1023,65,0,1
82,2024-01-06 17:30:00,New York,0.6100000000000136,0.6100000000000136,0.6100000000000136,0.99,244,52,1023,99,0,1
83,2024-01-06 20:30:00,New York,1.8000000000000114,1.8000000000000114,1.8000000000000114,2.35,89,51,1021,100,0,0
84,2024-01-06 23:30:00,New York,2.990000000000009,2.990000000000009,2.990000000000009,3.66,112,62,1018,100,0,0
85,2024-01-07 02:30:00,New York,2.2200000000000273,2.2200000000000273,2.2200000000000273,6.03,91,92,1014,100,1,0
86,2024-01-07 05:30:00,New York,1.6400000000000432,1.6400000000000432,1.6400000000000432,7.96,75,98,1010,100,1,1
87,2024-01-07 08:30:00,New York,2.150000000000034,2.150000000000034,2.150000000000034,7.18,63,99,1006,100,1,0
88,2024-01-07 11:30:00,New York,1.490000000000009,1.490000000000009,1.490000000000009,8.33,31,96,1004,100,1,0
89,2024-01-07 14:30:00,New York,1.6200000000000045,1.6200000000000045,1.6200000000000045,7.32,34,92,1003,100,1,0
90,2024-01-07 17:30:00,New York,1.7000000000000455,1.7000000000000455,1.7000000000000455,3.6,7,97,1004,100,1,0
91,2024-01-07 20:30:00,New York,0.9700000000000273,0.9700000000000273,0.9700000000000273,3.42,311,100,1006,100,0,0
92,2024-01-07 23:30:00,New York,1.6299999999999955,1.6299999999999955,1.6299999999999955,2.93,318,99,1005,100,0,0
93,2024-01-08 02:30:00,New York,1.7300000000000182,1.7300000000000182,1.7300000000000182,2.17,303,99,1007,100,0,0
94,2024-01-08 05:30:00,New York,1.3500000000000227,1.3500000000000227,1.3500000000000227,2.06,334,97,1011,100,1,0
95,2024-01-08 08:30:00,New York,1.170000000000016,1.170000000000016,1.170000000000016,2.12,297,94,1014,88,0,0
96,2024-01-08 11:30:00,New York,1.5100000000000477,1.5100000000000477,1.5100000000000477,5.21,297,79,1016,63,0,0
97,2024-01-08 14:30:00,New York,0.6200000000000045,0.6200000000000045,0.6200000000000045,5.52,306,80,1020,7,0,0
98,2024-01-08 17:30:00,New York,0.1400000000000432,0.1400000000000432,0.1400000000000432,5.42,303,77,1024,7,0,0
99,2024-01-08 20:30:00,New York,2.07000000000005,2.07000000000005,2.07000000000005,5.34,327,72,1028,7,0,0
100,2024-01-08 23:30:00,New York,3.740000000000009,3.740000000000009,3.740000000000009,4.53,328,67,1028,7,0,0
101,2024-01-09 02:30:00,New York,3.57000000000005,3.57000000000005,3.57000000000005,3.14,286,73,1029,7,0,1
102,2024-01-09 05:30:00,New York,2.160000000000025,2.160000000000025,2.160000000000025,2.53,271,83,1031,7,0,1
103,2024-01-09 08:30:00,New York,1.2800000000000296,1.2800000000000296,1.2800000000000296,2.02,288,82,1032,8,0,1
104,2024-01-09 11:30:00,New York,0.8600000000000136,0.8600000000000136,0.8600000000000136,0.54,355,77,1030,13,0,1
105,2024-01-09 14:30:00,New York,0.7900000000000205,0.7900000000000205,0.7900000000000205,0.37,249,79,1030,60,0,1
106,2024-01-09 17:30:00,New York,1.1000000000000227,1.1000000000000227,1.1000000000000227,0.67,122,80,1030,79,0,1
107,2024-01-09 20:30:00,New York,3.7800000000000296,3.7800000000000296,3.7800000000000296,2.8,139,76,1028,100,0,0
108,2024-01-09 23:30:00,New York,5.689999999999998,5.689999999999998,5.689999999999998,6.12,103,75,1023,100,0,1
109,2024-01-10 02:30:00,New York,6.3700000000000045,6.3700000000000045,6.3700000000000045,9.4,107,88,1017,100,1,1
110,2024-01-10 05:30:00,New York,8.220000000000027,8.220000000000027,8.220000000000027,10.67,112,95,1012,100,1,0
111,2024-01-10 08:30:00,New York,10.140000000000043,10.140000000000043,10.140000000000043,12.5,122,94,1004,100,1,0
112,2024-01-10 11:30:00,New York,11.760000000000048,11.760000000000048,11.760000000000048,12.96,153,94,995,100,1,0
113,2024-01-10 14:30:00,New York,12.879999999999995,12.879999999999995,12.879999999999995,11.86,172,96,989,100,1,0
114,2024-01-10 17:30:00,New York,12.650000000000034,12.650000000000034,12.650000000000034,6.64,206,87,988,100,1,0
115,2024-01-10 20:30:00,New York,10.379999999999995,10.379999999999995,10.379999999999995,8.03,216,75,990,31,0,0
116,2024-01-10 23:30:00,New York,7.900000000000034,7.900000000000034,7.900000000000034,7.43,252,82,990,65,1,0
117,2024-01-11 02:30:00,New York,6.010000000000048,6.010000000000048,6.010000000000048,7.74,252,82,994,100,1,0
118,2024-01-11 05:30:00,New York,6.890000000000043,6.890000000000043,6.890000000000043,8.23,255,69,1000,100,0,0
119,2024-01-11 08:30:00,New York,6.350000000000023,6.350000000000023,6.350000000000023,8.36,260,64,1003,83,0,0
120,2024-01-06 11:30:00,Tokyo,13.740000000000009,13.29000000000002,13.740000000000009,0.86,73,42,1010,13,0,0
121,2024-01-06 14:30:00,Tokyo,13.140000000000043,12.730000000000018,13.140000000000043,0.96,24,37,1010,7,0,1
122,2024-01-06 17:30:00,Tokyo,11.410000000000025,11.410000000000025,11.410000000000025,2.36,345,34,1010,3,0,1
123,2024-01-06 20:30:00,Tokyo,10.370000000000005,10.370000000000005,10.370000000000005,1.82,345,37,1009,47,0,1
124,2024-01-06 23:30:00,Tokyo,9.32000000000005,9.32000000000005,9.32000000000005,2.41,1,50,1008,30,0,0
125,2024-01-07 02:30:00,Tokyo,8.550000000000011,8.550000000000011,8.550000000000011,2.68,353,59,1008,46,0,0
126,2024-01-07 05:30:00,Tokyo,8.870000000000005,8.870000000000005,8.870000000000005,5.41,349,56,1010,23,0,0
127,2024-01-07 08:30:00,Tokyo,11.03000000000003,11.03000000000003,11.03000000000003,3.17,12,43,1008,26,0,0
128,2024-01-07 11:30:00,Tokyo,11.470000000000027,11.470000000000027,11.470000000000027,2.77,110,44,1007,50,0,0
129,2024-01-07 14:30:00,Tokyo,10.080000000000041,10.080000000000041,10.080000000000041,4.22,103,54,1007,79,1,0
130,2024-01-07 17:30:00,Tokyo,8.390000000000043,8.390000000000043,8.390000000000043,3.02,42,67,1006,79,1,0
131,2024-01-07 20:30:00,Tokyo,8.720000000000027,8.720000000000027,8.720000000000027,6.24,289,25,1007,34,1,0
132,2024-01-07 23:30:00,Tokyo,7.300000000000011,7.300000000000011,7.300000000000011,6.43,292,26,1009,18,0,0
133,2024-01-08 02:30:00,Tokyo,5.010000000000048,5.010000000000048,5.010000000000048,8.82,335,40,1015,11,0,0
134,2024-01-08 05:30:00,Tokyo,5.890000000000043,5.890000000000043,5.890000000000043,8.77,333,33,1018,6,0,0
135,2024-01-08 08:30:00,Tokyo,7.670000000000016,7.670000000000016,7.670000000000016,7.11,343,24,1018,0,0,0
136,2024-01-08 11:30:00,Tokyo,8.53000000000003,8.53000000000003,8.53000000000003,4.43,349,20,1019,1,0,0
137,2024-01-08 14:30:00,Tokyo,7.2000000000000455,7.2000000000000455,7.2000000000000455,3.92,349,24,1021,5,0,0
138,2024-01-08 17:30:00,Tokyo,5.680000000000007,5.680000000000007,5.680000000000007,2.85,351,30,1023,18,0,0
139,2024-01-08 20:30:00,Tokyo,4.830000000000041,4.830000000000041,4.830000000000041,3.62,359,36,1022,23,0,0
140,2024-01-08 23:30:00,Tokyo,4.260000000000048,4.260000000000048,4.260000000000048,3.74,349,38,1021,50,0,0
141,2024-01-09 02:30:00,Tokyo,3.900000000000034,3.900000000000034,3.900000000000034,3.4,339,39,1021,69,0,0
142,2024-01-09 05:30:00,Tokyo,4.439999999999998,4.439999999999998,4.439999999999998,2.24,342,37,1021,43,0,0
143,2024-01-09 08:30:00,Tokyo,6.760000000000048,6.760000000000048,6.760000000000048,1.63,259,37,1018,6,0,0
144,2024-01-09 11:30:00,Tokyo,9.310000000000002,9.310000000000002,9.310000000000002,0.84,356,34,1016,3,0,0
145,2024-01-09 14:30:00,Tokyo,8.860000000000014,8.860000000000014,8.860000000000014,1.23,5,35,1016,5,0,0
146,2024-01-09 17:30:00,Tokyo,8.010000000000048,8.010000000000048,8.010000000000048,2.21,345,38,1016,5,0,1
147,2024-01-09 20:30:00,Tokyo,7.03000000000003,7.03000000000003,7.03000000000003,2.21,347,40,1016,1,0,1
148,2024-01-09 23:30:00,Tokyo,6.170000000000016,6.170000000000016,6.170000000000016,1.64,329,37,1014,2,0,1
149,2024-01-10 02:30:00,Tokyo,5.75,5.75,5.75,1.4,337,37,1013,17,0,0
150,2024-01-10 05:30:00,Tokyo,6.920000000000016,6.920000000000016,6.920000000000016,0.91,346,35,1013,51,0,0
151,2024-01-10 08:30:00,Tokyo,9.300000000000011,9.300000000000011,9.300000000000011,1.28,24,30,1010,100,0,0
152,2024-01-10 11:30:00,Tokyo,10.370000000000005,10.370000000000005,10.370000000000005,1.83,60,29,1010,100,0,0
153,2024-01-10 14:30:00,Tokyo,9.810000000000002,9.810000000000002,9.810000000000002,3.22,61,35,1012,100,0,0
154,2024-01-10 17:30:00,Tokyo,8.510000000000048,8.510000000000048,8.510000000000048,4.78,19,57,1012,100,1,0
155,2024-01-10 20:30:00,Tokyo,6.920000000000016,6.920000000000016,6.920000000000016,5.54,4,55,1012,100,1,0
156,2024-01-10 23:30:00,Tokyo,5.900000000000034,5.900000000000034,5.900000000000034,5.03,19,56,1012,100,1,0
157,2024-01-11 02:30:00,Tokyo,5.610000000000014,5.610000000000014,5.610000000000014,5.37,26,47,1012,100,0,0
158,2024-01-11 05:30:00,Tokyo,5.7900000000000205,5.7900000000000205,5.7900000000000205,4.98,18,37,1014,86,0,0
159,2024-01-11 08:30:00,Tokyo,7.520000000000039,7.520000000000039,7.520000000000039,3.76,49,28,1013,1,0,0
160,2024-01-06 11:30:00,Beijing,1.2600000000000477,-0.0999999999999659,1.2600000000000477,5.3,329,35,1031,0,0,0
161,2024-01-06 14:30:00,Beijing,-0.3299999999999841,-1.4599999999999795,-0.3299999999999841,5.24,320,36,1031,0,0,0
162,2024-01-06 17:30:00,Beijing,-1.9499999999999886,-1.9499999999999886,-1.9499999999999886,5.7,321,36,1032,0,0,0
163,2024-01-06 20:30:00,Beijing,-2.769999999999982,-2.769999999999982,-2.769999999999982,4.4,333,36,1033,0,0,0
164,2024-01-06 23:30:00,Beijing,-4.5499999999999545,-4.5499999999999545,-4.5499999999999545,2.42,345,45,1033,0,0,0
165,2024-01-07 02:30:00,Beijing,-5.8799999999999955,-5.8799999999999955,-5.8799999999999955,2.21,358,50,1033,0,0,0
166,2024-01-07 05:30:00,Beijing,-6.589999999999975,-6.589999999999975,-6.589999999999975,2.19,354,49,1034,0,0,0
167,2024-01-07 08:30:00,Beijing,-3.919999999999959,-3.919999999999959,-3.919999999999959,1.59,350,35,1034,0,0,0
168,2024-01-07 11:30:00,Beijing,-1.8799999999999955,-1.8799999999999955,-1.8799999999999955,0.69,193,31,1031,0,0,0
169,2024-01-07 14:30:00,Beijing,-2.5600000000000023,-2.5600000000000023,-2.5600000000000023,1.29,172,43,1030,8,0,0
170,2024-01-07 17:30:00,Beijing,-3.329999999999984,-3.329999999999984,-3.329999999999984,1.07,161,55,1030,5,0,0
171,2024-01-07 20:30:00,Beijing,-4.1200000000000045,-4.1200000000000045,-4.1200000000000045,0.62,158,65,1029,6,0,0
172,2024-01-07 23:30:00,Beijing,-5.149999999999977,-5.149999999999977,-5.149999999999977,0.64,15,66,1028,17,0,0
173,2024-01-08 02:30:00,Beijing,-5.779999999999973,-5.779999999999973,-5.779999999999973,1.49,11,62,1026,71,0,0
174,2024-01-08 05:30:00,Beijing,-6.069999999999993,-6.069999999999993,-6.069999999999993,1.9,11,56,1025,85,0,0
175,2024-01-08 08:30:00,Beijing,-3.7099999999999795,-3.7099999999999795,-3.7099999999999795,1.59,19,43,1025,31,0,0
176,2024-01-08 11:30:00,Beijing,-1.5199999999999818,-1.5199999999999818,-1.5199999999999818,0.46,21,37,1021,25,0,0
177,2024-01-08 14:30:00,Beijing,-1.9799999999999613,-1.9799999999999613,-1.9799999999999613,0.16,2,40,1021,100,0,0
178,2024-01-08 17:30:00,Beijing,-2.17999999999995,-2.17999999999995,-2.17999999999995,1.1,17,43,1022,100,0,0
179,2024-01-08 20:30:00,Beijing,-2.669999999999959,-2.669999999999959,-2.669999999999959,1.28,11,45,1021,90,0,0
180,2024-01-08 23:30:00,Beijing,-3.159999999999968,-3.159999999999968,-3.159999999999968,1.66,7,49,1021,63,0,0
181,2024-01-09 02:30:00,Beijing,-3.3799999999999955,-3.3799999999999955,-3.3799999999999955,2.0,8,54,1022,64,0,0
182,2024-01-09 05:30:00,Beijing,-2.669999999999959,-2.669999999999959,-2.669999999999959,1.96,17,57,1023,82,0,0
183,2024-01-09 08:30:00,Beijing,-1.5,-1.5,-1.5,1.84,2,87,1026,100,0,0
184,2024-01-09 11:30:00,Beijing,0.5200000000000387,0.5200000000000387,0.5200000000000387,0.9,76,75,1025,98,0,0
185,2024-01-09 14:30:00,Beijing,-0.7099999999999795,-0.7099999999999795,-0.7099999999999795,1.16,220,81,1026,21,0,0
186,2024-01-09 17:30:00,Beijing,-1.2099999999999795,-1.2099999999999795,-1.2099999999999795,1.3,284,78,1028,13,0,0
187,2024-01-09 20:30:00,Beijing,-1.8899999999999864,-1.8899999999999864,-1.8899999999999864,1.86,339,62,1029,2,0,0
188,2024-01-09 23:30:00,Beijing,-2.9899999999999523,-2.9899999999999523,-2.9899999999999523,2.31,343,55,1029,1,0,0
189,2024-01-10 02:30:00,Beijing,-4.1299999999999955,-4.1299999999999955,-4.1299999999999955,2.09,350,55,1028,0,0,0
190,2024-01-10 05:30:00,Beijing,-4.779999999999973,-4.779999999999973,-4.779999999999973,1.54,347,54,1027,0,0,0
191,2024-01-10 08:30:00,Beijing,-1.5399999999999636,-1.5399999999999636,-1.5399999999999636,0.79,274,42,1027,0,0,0
192,2024-01-10 11:30:00,Beijing,0.82000000000005,0.82000000000005,0.82000000000005,1.58,212,36,1023,0,0,0
193,2024-01-10 14:30:00,Beijing,-0.5099999999999909,-0.5099999999999909,-0.5099999999999909,1.68,215,46,1022,0,0,0
194,2024-01-10 17:30:00,Beijing,-1.0499999999999545,-1.0499999999999545,-1.0499999999999545,1.06,267,49,1022,1,0,0
195,2024-01-10 20:30:00,Beijing,-1.8199999999999932,-1.8199999999999932,-1.8199999999999932,1.46,355,51,1021,3,0,0
196,2024-01-10 23:30:00,Beijing,-2.359999999999957,-2.359999999999957,-2.359999999999957,1.53,2,51,1020,3,0,0
197,2024-01-11 02:30:00,Beijing,-3.069999999999993,-3.069999999999993,-3.069999999999993,1.69,355,54,1019,0,0,0
198,2024-01-11 05:30:00,Beijing,-2.419999999999959,-2.419999999999959,-2.419999999999959,1.83,336,50,1019,38,0,0
199,2024-01-11 08:30:00,Beijing,0.9900000000000091,0.9900000000000091,0.9900000000000091,1.34,349,38,1020,96,0,0
200,2024-01-06 11:30:00,Istanbul,10.620000000000005,10.390000000000043,10.620000000000005,2.99,124,70,1018,31,0,0
201,2024-01-06 14:30:00,Istanbul,11.970000000000027,11.970000000000027,12.590000000000032,3.48,137,59,1017,59,0,1
202,2024-01-06 17:30:00,Istanbul,13.870000000000005,13.870000000000005,13.870000000000005,3.23,146,48,1014,94,0,1
203,2024-01-06 20:30:00,Istanbul,12.890000000000043,12.890000000000043,12.890000000000043,2.38,137,54,1014,100,0,1
204,2024-01-06 23:30:00,Istanbul,12.370000000000005,12.370000000000005,12.370000000000005,2.25,141,55,1013,92,0,0
205,2024-01-07 02:30:00,Istanbul,11.950000000000045,11.950000000000045,11.950000000000045,2.45,126,55,1011,6,0,0
206,2024-01-07 05:30:00,Istanbul,11.79000000000002,11.79000000000002,11.79000000000002,2.91,123,54,1010,3,0,0
207,2024-01-07 08:30:00,Istanbul,11.480000000000018,11.480000000000018,11.480000000000018,3.76,127,56,1008,0,0,1
208,2024-01-07 11:30:00,Istanbul,11.680000000000007,11.680000000000007,11.680000000000007,4.2,125,60,1006,16,0,1
209,2024-01-07 14:30:00,Istanbul,11.370000000000005,11.370000000000005,11.370000000000005,5.62,205,91,1007,100,1,1
210,2024-01-07 17:30:00,Istanbul,13.54000000000002,13.54000000000002,13.54000000000002,5.6,190,74,1004,100,1,1
211,2024-01-07 20:30:00,Istanbul,13.629999999999995,13.629999999999995,13.629999999999995,8.79,217,66,1003,100,1,1
212,2024-01-07 23:30:00,Istanbul,13.110000000000014,13.110000000000014,13.110000000000014,9.16,202,66,1004,90,0,1
213,2024-01-08 02:30:00,Istanbul,12.900000000000034,12.900000000000034,12.900000000000034,9.22,206,67,1005,20,0,1
214,2024-01-08 05:30:00,Istanbul,12.5,12.5,12.5,7.89,208,67,1005,40,0,1
215,2024-01-08 08:30:00,Istanbul,11.82000000000005,11.82000000000005,11.82000000000005,7.14,193,73,1004,99,1,1
216,2024-01-08 11:30:00,Istanbul,10.860000000000014,10.860000000000014,10.860000000000014,6.38,181,81,1006,100,1,1
217,2024-01-08 14:30:00,Istanbul,12.410000000000025,12.410000000000025,12.410000000000025,5.66,203,69,1007,100,1,0
218,2024-01-08 17:30:00,Istanbul,12.900000000000034,12.900000000000034,12.900000000000034,7.27,217,69,1006,100,1,0
219,2024-01-08 20:30:00,Istanbul,10.710000000000036,10.710000000000036,10.710000000000036,3.78,178,84,1008,100,1,0
220,2024-01-08 23:30:00,Istanbul,11.090000000000032,11.090000000000032,11.090000000000032,5.09,223,78,1009,99,1,1
221,2024-01-09 02:30:00,Istanbul,8.57000000000005,8.57000000000005,8.57000000000005,6.1,355,89,1013,86,1,1
222,2024-01-09 05:30:00,Istanbul,5.990000000000009,5.990000000000009,5.990000000000009,7.7,8,84,1015,86,1,1
223,2024-01-09 08:30:00,Istanbul,4.650000000000034,4.650000000000034,4.650000000000034,7.63,13,82,1016,100,1,1
224,2024-01-09 11:30:00,Istanbul,4.330000000000041,4.330000000000041,4.330000000000041,7.84,22,82,1018,100,1,1
225,2024-01-09 14:30:00,Istanbul,4.2900000000000205,4.2900000000000205,4.2900000000000205,8.35,20,80,1019,100,0,1
226,2024-01-09 17:30:00,Istanbul,3.9500000000000455,3.9500000000000455,3.9500000000000455,8.63,17,79,1019,100,0,1
227,2024-01-09 20:30:00,Istanbul,4.2900000000000205,4.2900000000000205,4.2900000000000205,7.93,21,77,1020,100,0,0
228,2024-01-09 23:30:00,Istanbul,4.970000000000027,4.970000000000027,4.970000000000027,7.52,9,82,1020,100,1,0
229,2024-01-10 02:30:00,Istanbul,5.590000000000032,5.590000000000032,5.590000000000032,7.87,3,82,1022,100,1,0
230,2024-01-10 05:30:00,Istanbul,5.210000000000036,5.210000000000036,5.210000000000036,8.9,357,89,1022,100,1,0
231,2024-01-10 08:30:00,Istanbul,4.480000000000018,4.480000000000018,4.480000000000018,9.12,336,95,1022,100,1,0
232,2024-01-10 11:30:00,Istanbul,7.210000000000036,7.210000000000036,7.210000000000036,5.84,30,85,1023,100,1,0
233,2024-01-10 14:30:00,Istanbul,6.090000000000032,6.090000000000032,6.090000000000032,8.87,27,84,1027,100,1,0
234,2024-01-10 17:30:00,Istanbul,5.640000000000043,5.640000000000043,5.640000000000043,8.75,21,71,1028,100,1,0
235,2024-01-10 20:30:00,Istanbul,5.1200000000000045,5.1200000000000045,5.1200000000000045,7.45,32,74,1029,100,0,0
236,2024-01-10 23:30:00,Istanbul,5.180000000000007,5.180000000000007,5.180000000000007,6.48,36,69,1030,100,0,0
237,2024-01-11 02:30:00,Istanbul,5.400000000000034,5.400000000000034,5.400000000000034,5.52,29,66,1030,100,0,0
238,2024-01-11 05:30:00,Istanbul,4.910000000000025,4.910000000000025,4.910000000000025,5.49,25,69,1029,100,0,0
239,2024-01-11 08:30:00,Istanbul,4.78000000000003,4.78000000000003,4.78000000000003,4.66,22,67,1028,96,0,0
240,2024-01-06 11:30:00,Moscow,-17.379999999999967,-17.379999999999967,-15.810000000000002,1.67,134,96,1014,100,0,0
241,2024-01-06 14:30:00,Moscow,-15.96999999999997,-15.96999999999997,-14.870000000000005,1.78,141,93,1014,97,0,0
242,2024-01-06 17:30:00,Moscow,-14.649999999999977,-14.649999999999977,-14.649999999999977,1.51,119,95,1014,96,0,0
243,2024-01-06 20:30:00,Moscow,-14.599999999999966,-14.599999999999966,-14.599999999999966,1.33,83,96,1014,99,0,0
244,2024-01-06 23:30:00,Moscow,-15.139999999999986,-15.139999999999986,-15.139999999999986,2.09,27,96,1015,100,0,0
245,2024-01-07 02:30:00,Moscow,-17.399999999999977,-17.399999999999977,-17.399999999999977,2.66,3,96,1017,84,0,0
246,2024-01-07 05:30:00,Moscow,-19.309999999999974,-19.309999999999974,-19.309999999999974,3.05,359,96,1019,70,0,0
247,2024-01-07 08:30:00,Moscow,-21.96999999999997,-21.96999999999997,-21.96999999999997,3.26,356,94,1022,29,0,0
248,2024-01-07 11:30:00,Moscow,-22.669999999999987,-22.669999999999987,-22.669999999999987,2.59,3,95,1024,19,0,0
249,2024-01-07 14:30:00,Moscow,-20.039999999999964,-20.039999999999964,-20.039999999999964,2.63,356,90,1026,31,0,0
250,2024-01-07 17:30:00,Moscow,-18.319999999999965,-18.319999999999965,-18.319999999999965,2.45,349,87,1027,24,0,0
251,2024-01-07 20:30:00,Moscow,-20.309999999999974,-20.309999999999974,-20.309999999999974,2.12,339,94,1028,11,0,0
252,2024-01-07 23:30:00,Moscow,-20.73999999999998,-20.73999999999998,-20.73999999999998,1.87,337,93,1029,10,0,0
253,2024-01-08 02:30:00,Moscow,-21.669999999999987,-21.669999999999987,-21.669999999999987,1.6,317,94,1030,5,0,0
254,2024-01-08 05:30:00,Moscow,-21.529999999999973,-21.529999999999973,-21.529999999999973,1.69,312,94,1031,5,0,0
255,2024-01-08 08:30:00,Moscow,-21.21999999999997,-21.21999999999997,-21.21999999999997,1.78,304,94,1031,5,0,0
256,2024-01-08 11:30:00,Moscow,-20.619999999999976,-20.619999999999976,-20.619999999999976,1.81,290,94,1031,5,0,0
257,2024-01-08 14:30:00,Moscow,-15.639999999999986,-15.639999999999986,-15.639999999999986,2.12,291,87,1031,6,0,0
258,2024-01-08 17:30:00,Moscow,-13.769999999999982,-13.769999999999982,-13.769999999999982,2.29,272,94,1029,10,0,0
259,2024-01-08 20:30:00,Moscow,-15.489999999999952,-15.489999999999952,-15.489999999999952,2.86,266,96,1028,6,0,0
260,2024-01-08 23:30:00,Moscow,-14.939999999999998,-14.939999999999998,-14.939999999999998,3.7,263,89,1026,7,0,0
261,2024-01-09 02:30:00,Moscow,-12.039999999999964,-12.039999999999964,-12.039999999999964,4.97,261,79,1023,82,0,0
262,2024-01-09 05:30:00,Moscow,-9.71999999999997,-9.71999999999997,-9.71999999999997,4.81,286,93,1021,91,0,0
263,2024-01-09 08:30:00,Moscow,-10.009999999999991,-10.009999999999991,-10.009999999999991,4.78,294,92,1021,100,0,0
264,2024-01-09 11:30:00,Moscow,-10.089999999999975,-10.089999999999975,-10.089999999999975,4.45,304,92,1021,100,0,0
265,2024-01-09 14:30:00,Moscow,-8.729999999999961,-8.729999999999961,-8.729999999999961,3.87,294,92,1021,99,0,0
266,2024-01-09 17:30:00,Moscow,-7.169999999999959,-7.169999999999959,-7.169999999999959,3.78,270,92,1018,96,0,0
267,2024-01-09 20:30:00,Moscow,-6.399999999999977,-6.399999999999977,-6.399999999999977,5.68,255,90,1015,100,0,0
268,2024-01-09 23:30:00,Moscow,-4.899999999999977,-4.899999999999977,-4.899999999999977,6.05,277,94,1012,100,0,0
269,2024-01-10 02:30:00,Moscow,-2.0499999999999545,-2.0499999999999545,-2.0499999999999545,5.99,300,92,1011,100,0,0
270,2024-01-10 05:30:00,Moscow,-1.8799999999999955,-1.8799999999999955,-1.8799999999999955,4.93,333,96,1012,100,0,0
271,2024-01-10 08:30:00,Moscow,-6.17999999999995,-6.17999999999995,-6.17999999999995,3.85,19,91,1016,100,0,0
272,2024-01-10 11:30:00,Moscow,-13.019999999999982,-13.019999999999982,-13.019999999999982,1.84,23,97,1020,92,0,0
273,2024-01-10 14:30:00,Moscow,-11.560000000000002,-11.560000000000002,-11.560000000000002,1.35,43,83,1021,26,0,0
274,2024-01-10 17:30:00,Moscow,-11.449999999999989,-11.449999999999989,-11.449999999999989,1.03,194,91,1021,27,0,0
275,2024-01-10 20:30:00,Moscow,-11.609999999999957,-11.609999999999957,-11.609999999999957,2.27,188,90,1019,75,0,0
276,2024-01-10 23:30:00,Moscow,-9.439999999999998,-9.439999999999998,-9.439999999999998,3.9,193,95,1014,88,0,0
277,2024-01-11 02:30:00,Moscow,-6.2099999999999795,-6.2099999999999795,-6.2099999999999795,5.24,206,94,1007,100,0,0
278,2024-01-11 05:30:00,Moscow,-1.1599999999999682,-1.1599999999999682,-1.1599999999999682,6.39,241,96,1000,100,0,0
279,2024-01-11 08:30:00,Moscow,0.20000000000004547,0.20000000000004547,0.20000000000004547,6.93,286,94,996,100,0,0
280,2024-01-06 11:30:00,Berlin,0.6100000000000136,0.4900000000000091,0.6100000000000136,3.99,68,91,999,100,0,0
281,2024-01-06 14:30:00,Berlin,0.32000000000005,0.1400000000000432,0.32000000000005,4.73,69,89,1005,100,0,0
282,2024-01-06 17:30:00,Berlin,0.1500000000000341,0.1500000000000341,0.1500000000000341,4.82,70,89,1012,100,0,0
283,2024-01-06 20:30:00,Berlin,-0.2799999999999727,-0.2799999999999727,-0.2799999999999727,4.95,68,93,1013,100,0,0
284,2024-01-06 23:30:00,Berlin,-0.9699999999999704,-0.9699999999999704,-0.9699999999999704,5.23,67,89,1015,100,0,0
285,2024-01-07 02:30:00,Berlin,-1.329999999999984,-1.329999999999984,-1.329999999999984,5.21,62,77,1017,100,0,0
286,2024-01-07 05:30:00,Berlin,-1.7999999999999545,-1.7999999999999545,-1.7999999999999545,5.12,55,75,1019,100,0,0
287,2024-01-07 08:30:00,Berlin,-2.4799999999999613,-2.4799999999999613,-2.4799999999999613,4.82,53,77,1020,100,0,0
288,2024-01-07 11:30:00,Berlin,-2.759999999999991,-2.759999999999991,-2.759999999999991,4.9,47,75,1021,100,0,0
289,2024-01-07 14:30:00,Berlin,-2.659999999999968,-2.659999999999968,-2.659999999999968,4.99,48,72,1023,100,0,0
290,2024-01-07 17:30:00,Berlin,-1.829999999999984,-1.829999999999984,-1.829999999999984,4.94,41,69,1024,100,0,0
291,2024-01-07 20:30:00,Berlin,-2.329999999999984,-2.329999999999984,-2.329999999999984,3.97,23,79,1025,91,0,0
292,2024-01-07 23:30:00,Berlin,-2.599999999999966,-2.599999999999966,-2.599999999999966,3.71,27,85,1026,76,0,0
293,2024-01-08 02:30:00,Berlin,-3.7799999999999727,-3.7799999999999727,-3.7799999999999727,4.44,33,73,1027,36,0,0
294,2024-01-08 05:30:00,Berlin,-5.569999999999993,-5.569999999999993,-5.569999999999993,4.75,41,72,1028,32,0,0
295,2024-01-08 08:30:00,Berlin,-6.310000000000002,-6.310000000000002,-6.310000000000002,4.61,45,74,1029,28,0,0
296,2024-01-08 11:30:00,Berlin,-6.979999999999961,-6.979999999999961,-6.979999999999961,4.55,49,72,1031,21,0,0
297,2024-01-08 14:30:00,Berlin,-6.3799999999999955,-6.3799999999999955,-6.3799999999999955,4.66,55,68,1032,10,0,0
298,2024-01-08 17:30:00,Berlin,-4.6200000000000045,-4.6200000000000045,-4.6200000000000045,4.97,57,57,1033,11,0,0
299,2024-01-08 20:30:00,Berlin,-5.289999999999964,-5.289999999999964,-5.289999999999964,4.38,50,65,1034,1,0,0
300,2024-01-08 23:30:00,Berlin,-5.639999999999986,-5.639999999999986,-5.639999999999986,4.03,56,63,1036,0,0,0
301,2024-01-09 02:30:00,Berlin,-6.089999999999975,-6.089999999999975,-6.089999999999975,3.48,62,60,1037,0,0,0
302,2024-01-09 05:30:00,Berlin,-6.42999999999995,-6.42999999999995,-6.42999999999995,3.19,61,59,1037,0,0,0
303,2024-01-09 08:30:00,Berlin,-6.609999999999957,-6.609999999999957,-6.609999999999957,2.76,62,60,1038,0,0,0
304,2024-01-09 11:30:00,Berlin,-6.7099999999999795,-6.7099999999999795,-6.7099999999999795,2.46,64,60,1038,0,0,0
305,2024-01-09 14:30:00,Berlin,-5.389999999999986,-5.389999999999986,-5.389999999999986,2.4,72,53,1039,0,0,0
306,2024-01-09 17:30:00,Berlin,-2.919999999999959,-2.919999999999959,-2.919999999999959,2.71,59,44,1038,0,0,0
307,2024-01-09 20:30:00,Berlin,-3.9399999999999977,-3.9399999999999977,-3.9399999999999977,2.21,56,57,1037,1,0,0
308,2024-01-09 23:30:00,Berlin,-4.509999999999991,-4.509999999999991,-4.509999999999991,2.04,63,60,1037,4,0,0
309,2024-01-10 02:30:00,Berlin,-4.729999999999961,-4.729999999999961,-4.729999999999961,1.44,86,61,1037,15,0,0
310,2024-01-10 05:30:00,Berlin,-4.779999999999973,-4.779999999999973,-4.779999999999973,1.37,78,61,1036,13,0,0
311,2024-01-10 08:30:00,Berlin,-4.759999999999991,-4.759999999999991,-4.759999999999991,1.66,66,63,1036,11,0,0
312,2024-01-10 11:30:00,Berlin,-4.739999999999952,-4.739999999999952,-4.739999999999952,1.64,74,71,1036,9,0,0
313,2024-01-10 14:30:00,Berlin,-3.2199999999999704,-3.2199999999999704,-3.2199999999999704,1.31,89,71,1036,2,0,0
314,2024-01-10 17:30:00,Berlin,-0.7099999999999795,-0.7099999999999795,-0.7099999999999795,1.39,74,65,1036,2,0,0
315,2024-01-10 20:30:00,Berlin,-2.0499999999999545,-2.0499999999999545,-2.0499999999999545,1.65,51,81,1035,1,0,0
316,2024-01-10 23:30:00,Berlin,-2.7299999999999613,-2.7299999999999613,-2.7299999999999613,0.91,61,84,1035,3,0,0
317,2024-01-11 02:30:00,Berlin,-3.099999999999966,-3.099999999999966,-3.099999999999966,1.18,13,86,1035,5,0,0
318,2024-01-11 05:30:00,Berlin,-3.3799999999999955,-3.3799999999999955,-3.3799999999999955,1.75,334,89,1034,6,0,0
319,2024-01-11 08:30:00,Berlin,-3.609999999999957,-3.609999999999957,-3.609999999999957,1.87,313,95,1033,22,0,0
320,2024-01-06 11:30:00,Bangkok,31.950000000000045,31.950000000000045,33.64000000000004,2.34,54,46,1014,88,0,0
321,2024-01-06 14:30:00,Bangkok,33.379999999999995,33.379999999999995,34.52000000000004,1.92,51,37,1011,54,0,0
322,2024-01-06 17:30:00,Bangkok,32.78000000000003,32.78000000000003,32.78000000000003,0.73,78,34,1010,52,0,0
323,2024-01-06 20:30:00,Bangkok,30.460000000000036,30.460000000000036,30.460000000000036,1.8,186,42,1012,93,0,0
324,2024-01-06 23:30:00,Bangkok,29.07000000000005,29.07000000000005,29.07000000000005,1.26,160,49,1012,82,0,0
325,2024-01-07 02:30:00,Bangkok,28.02000000000004,28.02000000000004,28.02000000000004,0.29,203,54,1011,97,0,0
326,2024-01-07 05:30:00,Bangkok,27.25,27.25,27.25,0.61,37,54,1013,82,0,0
327,2024-01-07 08:30:00,Bangkok,30.890000000000043,30.890000000000043,30.890000000000043,2.46,68,39,1014,33,0,0
328,2024-01-07 11:30:00,Bangkok,34.09000000000003,34.09000000000003,34.09000000000003,2.68,76,31,1011,22,0,0
329,2024-01-07 14:30:00,Bangkok,35.03000000000003,35.03000000000003,35.03000000000003,2.25,71,29,1008,14,0,0
330,2024-01-07 17:30:00,Bangkok,32.950000000000045,32.950000000000045,32.950000000000045,1.02,136,34,1010,28,0,0
331,2024-01-07 20:30:00,Bangkok,30.610000000000014,30.610000000000014,30.610000000000014,2.41,181,42,1011,38,0,0
332,2024-01-07 23:30:00,Bangkok,28.960000000000036,28.960000000000036,28.960000000000036,1.55,190,53,1011,45,0,0
333,2024-01-08 02:30:00,Bangkok,28.370000000000005,28.370000000000005,28.370000000000005,0.24,270,54,1011,100,0,0
334,2024-01-08 05:30:00,Bangkok,27.77000000000004,27.77000000000004,27.77000000000004,0.06,13,57,1012,100,0,0
335,2024-01-08 08:30:00,Bangkok,31.230000000000018,31.230000000000018,31.230000000000018,2.12,91,45,1014,100,0,0
336,2024-01-08 11:30:00,Bangkok,34.34000000000003,34.34000000000003,34.34000000000003,2.39,108,36,1010,96,0,0
337,2024-01-08 14:30:00,Bangkok,35.09000000000003,35.09000000000003,35.09000000000003,2.3,155,34,1008,96,0,0
338,2024-01-08 17:30:00,Bangkok,31.640000000000043,31.640000000000043,31.640000000000043,3.56,186,45,1010,50,0,0
339,2024-01-08 20:30:00,Bangkok,29.720000000000027,29.720000000000027,29.720000000000027,3.47,182,55,1011,96,0,0
340,2024-01-08 23:30:00,Bangkok,28.379999999999995,28.379999999999995,28.379999999999995,3.27,190,65,1010,98,0,0
341,2024-01-09 02:30:00,Bangkok,27.5,27.5,27.5,2.46,187,70,1010,65,0,0
342,2024-01-09 05:30:00,Bangkok,27.120000000000005,27.120000000000005,27.120000000000005,1.79,174,74,1011,36,0,0
343,2024-01-09 08:30:00,Bangkok,31.140000000000043,31.140000000000043,31.140000000000043,2.36,174,52,1012,21,0,0
344,2024-01-09 11:30:00,Bangkok,34.879999999999995,34.879999999999995,34.879999999999995,1.81,165,38,1009,48,0,0
345,2024-01-09 14:30:00,Bangkok,35.05000000000001,35.05000000000001,35.05000000000001,4.13,184,37,1007,61,0,0
346,2024-01-09 17:30:00,Bangkok,31.54000000000002,31.54000000000002,31.54000000000002,3.68,193,44,1009,70,0,0
347,2024-01-09 20:30:00,Bangkok,29.629999999999995,29.629999999999995,29.629999999999995,4.34,191,57,1010,100,0,0
348,2024-01-09 23:30:00,Bangkok,27.99000000000001,27.99000000000001,27.99000000000001,4.53,187,70,1009,91,0,0
349,2024-01-10 02:30:00,Bangkok,27.410000000000025,27.410000000000025,27.410000000000025,3.59,181,72,1009,64,0,0
350,2024-01-10 05:30:00,Bangkok,27.200000000000045,27.200000000000045,27.200000000000045,2.46,165,76,1010,82,0,1
351,2024-01-10 08:30:00,Bangkok,31.360000000000014,31.360000000000014,31.360000000000014,3.27,174,52,1012,47,0,1
352,2024-01-10 11:30:00,Bangkok,34.59000000000003,34.59000000000003,34.59000000000003,3.65,181,39,1009,49,0,0
353,2024-01-10 14:30:00,Bangkok,34.400000000000034,34.400000000000034,34.400000000000034,4.46,180,38,1007,14,0,0
354,2024-01-10 17:30:00,Bangkok,30.360000000000014,30.360000000000014,30.360000000000014,4.25,191,55,1008,51,0,0
355,2024-01-10 20:30:00,Bangkok,28.910000000000025,28.910000000000025,28.910000000000025,4.8,190,67,1010,94,0,0
356,2024-01-10 23:30:00,Bangkok,27.75,27.75,27.75,4.92,185,77,1010,75,0,0
357,2024-01-11 02:30:00,Bangkok,27.27000000000004,27.27000000000004,27.27000000000004,3.49,192,79,1009,73,0,0
358,2024-01-11 05:30:00,Bangkok,26.710000000000036,26.710000000000036,26.710000000000036,1.71,174,81,1010,58,1,0
359,2024-01-11 08:30:00,Bangkok,30.950000000000045,30.950000000000045,30.950000000000045,2.28,139,56,1012,68,1,0
360,2024-01-06 11:30:00,Seoul,4.3799999999999955,3.650000000000034,4.3799999999999955,3.83,285,39,1022,3,0,0
361,2024-01-06 14:30:00,Seoul,3.390000000000043,2.7200000000000273,3.390000000000043,2.51,291,46,1021,51,0,0
362,2024-01-06 17:30:00,Seoul,1.1800000000000068,1.1800000000000068,1.1800000000000068,2.94,319,53,1022,71,0,0
363,2024-01-06 20:30:00,Seoul,-0.7399999999999523,-0.7399999999999523,-0.7399999999999523,3.94,305,57,1023,4,0,0
364,2024-01-06 23:30:00,Seoul,-1.5199999999999818,-1.5199999999999818,-1.5199999999999818,4.77,303,61,1024,5,0,0
365,2024-01-07 02:30:00,Seoul,-2.269999999999982,-2.269999999999982,-2.269999999999982,5.27,311,46,1024,4,0,0
366,2024-01-07 05:30:00,Seoul,-3.8899999999999864,-3.8899999999999864,-3.8899999999999864,6.43,308,36,1026,2,0,0
367,2024-01-07 08:30:00,Seoul,-3.0499999999999545,-3.0499999999999545,-3.0499999999999545,6.89,300,33,1027,0,0,0
368,2024-01-07 11:30:00,Seoul,-2.7399999999999523,-2.7399999999999523,-2.7399999999999523,6.51,306,24,1025,0,0,0
369,2024-01-07 14:30:00,Seoul,-4.539999999999964,-4.539999999999964,-4.539999999999964,5.81,305,32,1027,0,0,0
370,2024-01-07 17:30:00,Seoul,-5.46999999999997,-5.46999999999997,-5.46999999999997,4.63,306,37,1028,0,0,0
371,2024-01-07 20:30:00,Seoul,-5.7099999999999795,-5.7099999999999795,-5.7099999999999795,2.62,318,35,1028,0,0,0
372,2024-01-07 23:30:00,Seoul,-5.779999999999973,-5.779999999999973,-5.779999999999973,1.72,292,34,1029,0,0,0
373,2024-01-08 02:30:00,Seoul,-5.9599999999999795,-5.9599999999999795,-5.9599999999999795,0.73,302,33,1029,7,0,0
374,2024-01-08 05:30:00,Seoul,-5.349999999999966,-5.349999999999966,-5.349999999999966,0.28,157,31,1029,8,0,0
375,2024-01-08 08:30:00,Seoul,-2.759999999999991,-2.759999999999991,-2.759999999999991,1.19,238,21,1029,1,0,0
376,2024-01-08 11:30:00,Seoul,-1.4699999999999704,-1.4699999999999704,-1.4699999999999704,1.72,259,18,1027,2,0,0
377,2024-01-08 14:30:00,Seoul,-2.2099999999999795,-2.2099999999999795,-2.2099999999999795,1.65,273,30,1027,76,0,0
378,2024-01-08 17:30:00,Seoul,-2.2799999999999727,-2.2799999999999727,-2.2799999999999727,0.31,198,43,1026,47,0,0
379,2024-01-08 20:30:00,Seoul,-1.9399999999999977,-1.9399999999999977,-1.9399999999999977,1.0,125,46,1025,8,0,0
380,2024-01-08 23:30:00,Seoul,-1.6499999999999773,-1.6499999999999773,-1.6499999999999773,1.37,162,55,1024,43,0,0
381,2024-01-09 02:30:00,Seoul,-1.5,-1.5,-1.5,1.88,158,63,1023,99,0,0
382,2024-01-09 05:30:00,Seoul,-1.1599999999999682,-1.1599999999999682,-1.1599999999999682,1.65,132,67,1022,99,0,0
383,2024-01-09 08:30:00,Seoul,1.1299999999999955,1.1299999999999955,1.1299999999999955,1.73,168,69,1021,72,0,0
384,2024-01-09 11:30:00,Seoul,0.7800000000000296,0.7800000000000296,0.7800000000000296,0.75,147,93,1019,86,0,0
385,2024-01-09 14:30:00,Seoul,0.29000000000002046,0.29000000000002046,0.29000000000002046,0.86,60,99,1019,100,0,0
386,2024-01-09 17:30:00,Seoul,0.37000000000000455,0.37000000000000455,0.37000000000000455,0.51,96,99,1019,100,0,0
387,2024-01-09 20:30:00,Seoul,-0.13999999999998636,-0.13999999999998636,-0.13999999999998636,1.14,327,98,1019,99,0,0
388,2024-01-09 23:30:00,Seoul,-0.1099999999999568,-0.1099999999999568,-0.1099999999999568,1.72,338,91,1019,99,0,0
389,2024-01-10 02:30:00,Seoul,-0.6099999999999568,-0.6099999999999568,-0.6099999999999568,1.97,5,84,1019,100,0,0
390,2024-01-10 05:30:00,Seoul,-0.67999999999995,-0.67999999999995,-0.67999999999995,1.64,30,81,1020,98,0,0
391,2024-01-10 08:30:00,Seoul,0.8799999999999955,0.8799999999999955,0.8799999999999955,0.81,9,75,1021,98,0,0
392,2024-01-10 11:30:00,Seoul,1.740000000000009,1.740000000000009,1.740000000000009,1.34,323,72,1020,86,0,0
393,2024-01-10 14:30:00,Seoul,0.10000000000002274,0.10000000000002274,0.10000000000002274,1.13,304,85,1021,11,0,0
394,2024-01-10 17:30:00,Seoul,-0.5799999999999841,-0.5799999999999841,-0.5799999999999841,0.74,294,88,1023,9,0,0
395,2024-01-10 20:30:00,Seoul,-0.7799999999999727,-0.7799999999999727,-0.7799999999999727,0.53,230,84,1023,6,0,0
396,2024-01-10 23:30:00,Seoul,-0.9699999999999704,-0.9699999999999704,-0.9699999999999704,0.71,231,81,1023,5,0,0
397,2024-01-11 02:30:00,Seoul,-1.25,-1.25,-1.25,0.5,234,76,1023,2,0,0
398,2024-01-11 05:30:00,Seoul,-0.3499999999999659,-0.3499999999999659,-0.3499999999999659,1.29,158,69,1022,6,0,0
399,2024-01-11 08:30:00,Seoul,3.1200000000000045,3.1200000000000045,3.1200000000000045,2.47,239,66,1021,79,0,0
400,2024-01-06 11:30:00,Rome,5.680000000000007,4.07000000000005,5.680000000000007,5.3,96,76,1014,100,1,0
401,2024-01-06 14:30:00,Rome,6.0400000000000205,5.82000000000005,6.0400000000000205,5.46,119,84,1010,100,1,0
402,2024-01-06 17:30:00,Rome,5.920000000000016,5.920000000000016,5.920000000000016,2.89,122,96,1008,100,1,0
403,2024-01-06 20:30:00,Rome,6.020000000000039,6.020000000000039,6.020000000000039,1.26,89,96,1010,99,1,0
404,2024-01-06 23:30:00,Rome,8.050000000000011,8.050000000000011,8.050000000000011,1.15,265,93,1008,99,0,0
405,2024-01-07 02:30:00,Rome,9.29000000000002,9.29000000000002,9.29000000000002,3.05,245,90,1009,97,1,0
406,2024-01-07 05:30:00,Rome,7.550000000000011,7.550000000000011,7.550000000000011,2.59,275,93,1011,99,1,0
407,2024-01-07 08:30:00,Rome,6.550000000000011,6.550000000000011,6.550000000000011,2.96,284,90,1012,100,0,0
408,2024-01-07 11:30:00,Rome,5.730000000000018,5.730000000000018,5.730000000000018,2.68,259,87,1014,100,0,0
409,2024-01-07 14:30:00,Rome,5.82000000000005,5.82000000000005,5.82000000000005,2.46,261,85,1015,100,0,0
410,2024-01-07 17:30:00,Rome,5.360000000000014,5.360000000000014,5.360000000000014,2.16,258,91,1016,99,0,0
411,2024-01-07 20:30:00,Rome,6.670000000000016,6.670000000000016,6.670000000000016,3.18,273,86,1020,65,0,0
412,2024-01-07 23:30:00,Rome,9.210000000000036,9.210000000000036,9.210000000000036,4.86,292,59,1019,74,0,0
413,2024-01-08 02:30:00,Rome,9.640000000000043,9.640000000000043,9.640000000000043,3.63,300,49,1020,27,0,0
414,2024-01-08 05:30:00,Rome,4.520000000000039,4.520000000000039,4.520000000000039,1.62,282,74,1024,35,0,0
415,2024-01-08 08:30:00,Rome,2.7200000000000273,2.7200000000000273,2.7200000000000273,2.01,22,81,1024,12,0,0
416,2024-01-08 11:30:00,Rome,1.1899999999999977,1.1899999999999977,1.1899999999999977,1.57,10,87,1025,42,0,1
417,2024-01-08 14:30:00,Rome,0.2300000000000182,0.2300000000000182,0.2300000000000182,0.87,11,89,1026,86,0,1
418,2024-01-08 17:30:00,Rome,-0.3199999999999932,-0.3199999999999932,-0.3199999999999932,1.51,111,90,1026,93,0,1
419,2024-01-08 20:30:00,Rome,4.75,4.75,4.75,4.79,105,69,1027,100,0,1
420,2024-01-08 23:30:00,Rome,8.879999999999995,8.879999999999995,8.879999999999995,6.44,114,52,1024,100,0,1
421,2024-01-09 02:30:00,Rome,7.53000000000003,7.53000000000003,7.53000000000003,6.88,117,60,1021,100,0,0
422,2024-01-09 05:30:00,Rome,6.510000000000048,6.510000000000048,6.510000000000048,6.97,116,66,1020,100,0,0
423,2024-01-09 08:30:00,Rome,6.390000000000043,6.390000000000043,6.390000000000043,8.86,122,70,1017,100,0,1
424,2024-01-09 11:30:00,Rome,5.740000000000009,5.740000000000009,5.740000000000009,8.35,119,91,1013,100,1,1
425,2024-01-09 14:30:00,Rome,6.240000000000009,6.240000000000009,6.240000000000009,7.01,112,95,1008,100,1,0
426,2024-01-09 17:30:00,Rome,7.340000000000032,7.340000000000032,7.340000000000032,8.79,120,92,1002,100,1,0
427,2024-01-09 20:30:00,Rome,12.800000000000011,12.800000000000011,12.800000000000011,7.51,152,94,998,100,1,0
428,2024-01-09 23:30:00,Rome,11.150000000000034,11.150000000000034,11.150000000000034,4.09,162,89,996,100,1,0
429,2024-01-10 02:30:00,Rome,12.740000000000009,12.740000000000009,12.740000000000009,5.7,229,69,995,39,0,0
430,2024-01-10 05:30:00,Rome,8.550000000000011,8.550000000000011,8.550000000000011,5.52,224,73,997,22,0,0
431,2024-01-10 08:30:00,Rome,5.82000000000005,5.82000000000005,5.82000000000005,7.82,244,73,1000,59,1,0
432,2024-01-10 11:30:00,Rome,4.6299999999999955,4.6299999999999955,4.6299999999999955,7.55,250,76,1002,69,1,0
433,2024-01-10 14:30:00,Rome,3.7700000000000387,3.7700000000000387,3.7700000000000387,7.12,260,78,1005,91,0,0
434,2024-01-10 17:30:00,Rome,2.8799999999999955,2.8799999999999955,2.8799999999999955,5.73,270,78,1009,93,0,0
435,2024-01-10 20:30:00,Rome,3.840000000000032,3.840000000000032,3.840000000000032,4.55,271,72,1012,100,0,0
436,2024-01-10 23:30:00,Rome,6.010000000000048,6.010000000000048,6.010000000000048,4.94,276,62,1013,99,0,0
437,2024-01-11 02:30:00,Rome,7.080000000000041,7.080000000000041,7.080000000000041,3.64,274,58,1013,55,0,0
438,2024-01-11 05:30:00,Rome,2.680000000000007,2.680000000000007,2.680000000000007,0.68,279,80,1014,30,0,0
439,2024-01-11 08:30:00,Rome,1.410000000000025,1.410000000000025,1.410000000000025,0.48,222,87,1016,5,0,0
440,2024-01-06 11:30:00,Madrid,4.600000000000023,4.170000000000016,4.600000000000023,4.87,315,70,1016,2,0,0
441,2024-01-06 14:30:00,Madrid,4.82000000000005,4.82000000000005,4.82000000000005,4.34,301,64,1018,1,0,0
442,2024-01-06 17:30:00,Madrid,7.6299999999999955,7.6299999999999955,7.6299999999999955,5.95,311,48,1020,1,0,0
443,2024-01-06 20:30:00,Madrid,7.980000000000018,7.980000000000018,7.980000000000018,5.51,305,46,1020,8,0,0
444,2024-01-06 23:30:00,Madrid,6.28000000000003,6.28000000000003,6.28000000000003,3.59,293,54,1021,12,0,0
445,2024-01-07 02:30:00,Madrid,5.160000000000025,5.160000000000025,5.160000000000025,2.85,304,59,1022,14,0,0
446,2024-01-07 05:30:00,Madrid,4.170000000000016,4.170000000000016,4.170000000000016,2.57,318,63,1023,30,0,0
447,2024-01-07 08:30:00,Madrid,3.0600000000000023,3.0600000000000023,3.0600000000000023,2.29,320,68,1023,73,0,0
448,2024-01-07 11:30:00,Madrid,2.2000000000000455,2.2000000000000455,2.2000000000000455,1.4,331,69,1023,40,0,0
449,2024-01-07 14:30:00,Madrid,3.170000000000016,3.170000000000016,3.170000000000016,0.86,16,64,1025,5,0,0
450,2024-01-07 17:30:00,Madrid,6.6200000000000045,6.6200000000000045,6.6200000000000045,1.12,280,48,1023,4,0,0
451,2024-01-07 20:30:00,Madrid,8.870000000000005,8.870000000000005,8.870000000000005,1.36,315,37,1021,6,0,0
452,2024-01-07 23:30:00,Madrid,6.0,6.0,6.0,2.18,335,49,1022,9,0,0
453,2024-01-08 02:30:00,Madrid,4.3799999999999955,4.3799999999999955,4.3799999999999955,2.04,330,57,1023,13,0,0
454,2024-01-08 05:30:00,Madrid,3.25,3.25,3.25,1.98,332,61,1024,10,0,0
455,2024-01-08 08:30:00,Madrid,2.4500000000000455,2.4500000000000455,2.4500000000000455,1.5,14,63,1023,19,0,0
456,2024-01-08 11:30:00,Madrid,1.8500000000000227,1.8500000000000227,1.8500000000000227,1.53,348,66,1023,12,0,0
457,2024-01-08 14:30:00,Madrid,2.8799999999999955,2.8799999999999955,2.8799999999999955,0.47,20,62,1023,8,0,0
458,2024-01-08 17:30:00,Madrid,5.710000000000036,5.710000000000036,5.710000000000036,1.13,205,49,1022,27,0,0
459,2024-01-08 20:30:00,Madrid,6.510000000000048,6.510000000000048,6.510000000000048,1.36,178,44,1019,100,0,0
460,2024-01-08 23:30:00,Madrid,4.7000000000000455,4.7000000000000455,4.7000000000000455,1.48,206,57,1020,100,0,0
461,2024-01-09 02:30:00,Madrid,3.3799999999999955,3.3799999999999955,3.3799999999999955,0.86,48,61,1021,70,0,0
462,2024-01-09 05:30:00,Madrid,2.140000000000043,2.140000000000043,2.140000000000043,1.87,52,60,1021,59,0,0
463,2024-01-09 08:30:00,Madrid,1.8400000000000318,1.8400000000000318,1.8400000000000318,2.03,54,59,1020,88,0,0
464,2024-01-09 11:30:00,Madrid,2.160000000000025,2.160000000000025,2.160000000000025,2.21,56,58,1019,94,0,0
465,2024-01-09 14:30:00,Madrid,2.3700000000000045,2.3700000000000045,2.3700000000000045,1.96,51,57,1019,86,0,0
466,2024-01-09 17:30:00,Madrid,5.340000000000032,5.340000000000032,5.340000000000032,2.4,50,45,1018,53,0,0
467,2024-01-09 20:30:00,Madrid,6.7000000000000455,6.7000000000000455,6.7000000000000455,1.82,61,39,1015,43,0,0
468,2024-01-09 23:30:00,Madrid,5.25,5.25,5.25,1.28,64,46,1015,57,0,0
469,2024-01-10 02:30:00,Madrid,4.210000000000036,4.210000000000036,4.210000000000036,1.87,43,49,1016,100,0,0
470,2024-01-10 05:30:00,Madrid,2.9399999999999977,2.9399999999999977,2.9399999999999977,3.34,57,53,1016,98,0,0
471,2024-01-10 08:30:00,Madrid,2.8000000000000114,2.8000000000000114,2.8000000000000114,2.65,56,66,1015,100,0,0
472,2024-01-10 11:30:00,Madrid,1.6400000000000432,1.6400000000000432,1.6400000000000432,2.83,30,95,1014,100,0,0
473,2024-01-10 14:30:00,Madrid,1.75,1.75,1.75,2.6,19,94,1014,100,0,0
474,2024-01-10 17:30:00,Madrid,1.5300000000000296,1.5300000000000296,1.5300000000000296,2.26,22,98,1014,100,0,0
475,2024-01-10 20:30:00,Madrid,2.430000000000007,2.430000000000007,2.430000000000007,1.07,56,91,1013,100,0,0
476,2024-01-10 23:30:00,Madrid,1.75,1.75,1.75,1.08,66,86,1014,96,0,0
477,2024-01-11 02:30:00,Madrid,0.9500000000000455,0.9500000000000455,0.9500000000000455,1.16,299,82,1016,81,0,0
478,2024-01-11 05:30:00,Madrid,0.08000000000004093,0.08000000000004093,0.08000000000004093,1.32,0,79,1017,79,0,0
479,2024-01-11 08:30:00,Madrid,0.25,0.25,0.25,1.25,295,74,1018,83,0,0
480,2024-01-06 11:30:00,Mexico City,14.430000000000007,13.370000000000005,14.430000000000007,2.53,195,53,1021,14,0,0
481,2024-01-06 14:30:00,Mexico City,13.150000000000034,12.240000000000009,13.150000000000034,2.27,200,58,1018,8,0,0
482,2024-01-06 17:30:00,Mexico City,11.439999999999998,11.439999999999998,11.439999999999998,1.92,197,62,1016,8,0,0
483,2024-01-06 20:30:00,Mexico City,13.82000000000005,13.82000000000005,13.82000000000005,2.22,191,51,1017,1,0,0
484,2024-01-06 23:30:00,Mexico City,19.75,19.75,19.75,2.5,194,29,1013,1,0,0
485,2024-01-07 02:30:00,Mexico City,21.840000000000032,21.840000000000032,21.840000000000032,4.19,204,26,1010,1,0,1
486,2024-01-07 05:30:00,Mexico City,18.720000000000027,18.720000000000027,18.720000000000027,4.1,194,38,1012,2,0,1
487,2024-01-07 08:30:00,Mexico City,15.870000000000005,15.870000000000005,15.870000000000005,2.53,205,48,1016,76,0,0
488,2024-01-07 11:30:00,Mexico City,14.860000000000014,14.860000000000014,14.860000000000014,1.53,203,47,1017,88,0,0
489,2024-01-07 14:30:00,Mexico City,14.670000000000016,14.670000000000016,14.670000000000016,1.11,193,46,1016,100,0,0
490,2024-01-07 17:30:00,Mexico City,14.400000000000034,14.400000000000034,14.400000000000034,1.08,170,47,1016,100,0,0
491,2024-01-07 20:30:00,Mexico City,15.470000000000027,15.470000000000027,15.470000000000027,1.35,163,44,1018,100,0,0
492,2024-01-07 23:30:00,Mexico City,18.80000000000001,18.80000000000001,18.80000000000001,2.28,189,34,1016,100,0,0
493,2024-01-08 02:30:00,Mexico City,17.350000000000023,17.350000000000023,17.350000000000023,3.48,230,41,1015,100,1,0
494,2024-01-08 05:30:00,Mexico City,15.700000000000045,15.700000000000045,15.700000000000045,4.11,201,52,1016,100,1,0
495,2024-01-08 08:30:00,Mexico City,14.910000000000025,14.910000000000025,14.910000000000025,3.85,182,49,1017,100,0,0
496,2024-01-08 11:30:00,Mexico City,14.439999999999998,14.439999999999998,14.439999999999998,4.24,183,52,1017,100,0,0
497,2024-01-08 14:30:00,Mexico City,14.160000000000025,14.160000000000025,14.160000000000025,3.63,187,54,1015,100,0,0
498,2024-01-08 17:30:00,Mexico City,13.230000000000018,13.230000000000018,13.230000000000018,2.16,202,57,1015,91,0,0
499,2024-01-08 20:30:00,Mexico City,14.830000000000041,14.830000000000041,14.830000000000041,3.22,181,51,1016,84,0,0
500,2024-01-08 23:30:00,Mexico City,19.920000000000016,19.920000000000016,19.920000000000016,5.63,203,33,1013,56,0,0
501,2024-01-09 02:30:00,Mexico City,20.879999999999995,20.879999999999995,20.879999999999995,6.63,216,28,1010,18,0,0
502,2024-01-09 05:30:00,Mexico City,17.640000000000043,17.640000000000043,17.640000000000043,5.41,208,35,1012,49,0,0
503,2024-01-09 08:30:00,Mexico City,14.550000000000011,14.550000000000011,14.550000000000011,3.13,204,45,1015,76,0,0
504,2024-01-09 11:30:00,Mexico City,12.939999999999998,12.939999999999998,12.939999999999998,2.32,198,49,1016,70,0,0
505,2024-01-09 14:30:00,Mexico City,12.010000000000048,12.010000000000048,12.010000000000048,1.06,198,52,1016,98,0,0
506,2024-01-09 17:30:00,Mexico City,11.200000000000045,11.200000000000045,11.200000000000045,1.54,205,50,1017,99,0,0
507,2024-01-09 20:30:00,Mexico City,13.439999999999998,13.439999999999998,13.439999999999998,1.54,194,37,1018,31,0,0
508,2024-01-09 23:30:00,Mexico City,19.04000000000002,19.04000000000002,19.04000000000002,1.06,175,19,1014,66,0,0
509,2024-01-10 02:30:00,Mexico City,21.980000000000018,21.980000000000018,21.980000000000018,0.65,178,12,1009,30,0,0
510,2024-01-10 05:30:00,Mexico City,19.150000000000034,19.150000000000034,19.150000000000034,3.1,190,26,1011,20,0,0
511,2024-01-10 08:30:00,Mexico City,15.29000000000002,15.29000000000002,15.29000000000002,2.83,194,40,1015,37,0,0
512,2024-01-10 11:30:00,Mexico City,13.54000000000002,13.54000000000002,13.54000000000002,2.28,200,45,1015,61,0,0
513,2024-01-10 14:30:00,Mexico City,12.160000000000025,12.160000000000025,12.160000000000025,2.06,203,44,1015,78,0,0
514,2024-01-10 17:30:00,Mexico City,11.32000000000005,11.32000000000005,11.32000000000005,1.65,204,47,1016,83,0,0
515,2024-01-10 20:30:00,Mexico City,13.180000000000007,13.180000000000007,13.180000000000007,1.97,195,42,1017,100,0,0
516,2024-01-10 23:30:00,Mexico City,18.930000000000007,18.930000000000007,18.930000000000007,2.41,198,19,1014,96,0,0
517,2024-01-11 02:30:00,Mexico City,21.610000000000014,21.610000000000014,21.610000000000014,2.41,186,13,1009,76,0,0
518,2024-01-11 05:30:00,Mexico City,18.650000000000034,18.650000000000034,18.650000000000034,3.19,193,22,1011,68,0,0
519,2024-01-11 08:30:00,Mexico City,15.53000000000003,15.53000000000003,15.53000000000003,1.62,188,30,1016,82,0,0
520,2024-01-06 11:30:00,Shanghai,12.900000000000034,12.870000000000005,12.900000000000034,3.4,338,48,1024,1,0,0
521,2024-01-06 14:30:00,Shanghai,12.020000000000039,11.57000000000005,12.020000000000039,3.43,345,48,1024,4,0,0
522,2024-01-06 17:30:00,Shanghai,8.580000000000041,8.580000000000041,8.580000000000041,3.42,21,62,1026,6,0,0
523,2024-01-06 20:30:00,Shanghai,7.2000000000000455,7.2000000000000455,7.2000000000000455,3.35,6,65,1028,5,0,0
524,2024-01-06 23:30:00,Shanghai,6.07000000000005,6.07000000000005,6.07000000000005,3.53,356,69,1028,5,0,0
525,2024-01-07 02:30:00,Shanghai,5.2000000000000455,5.2000000000000455,5.2000000000000455,3.54,355,63,1029,1,0,0
526,2024-01-07 05:30:00,Shanghai,4.680000000000007,4.680000000000007,4.680000000000007,4.0,355,55,1031,1,0,0
527,2024-01-07 08:30:00,Shanghai,6.640000000000043,6.640000000000043,6.640000000000043,4.02,356,40,1031,0,0,0
528,2024-01-07 11:30:00,Shanghai,7.930000000000007,7.930000000000007,7.930000000000007,3.9,9,35,1029,0,0,0
529,2024-01-07 14:30:00,Shanghai,6.270000000000039,6.270000000000039,6.270000000000039,4.0,32,45,1030,3,0,0
530,2024-01-07 17:30:00,Shanghai,5.010000000000048,5.010000000000048,5.010000000000048,3.09,37,52,1031,6,0,0
531,2024-01-07 20:30:00,Shanghai,4.75,4.75,4.75,2.33,54,55,1030,88,0,0
532,2024-01-07 23:30:00,Shanghai,4.78000000000003,4.78000000000003,4.78000000000003,2.0,76,56,1029,94,0,0
533,2024-01-08 02:30:00,Shanghai,4.75,4.75,4.75,1.82,88,59,1028,99,0,0
534,2024-01-08 05:30:00,Shanghai,5.390000000000043,5.390000000000043,5.390000000000043,2.29,109,60,1028,74,0,0
535,2024-01-08 08:30:00,Shanghai,9.120000000000005,9.120000000000005,9.120000000000005,3.53,136,48,1027,63,0,0
536,2024-01-08 11:30:00,Shanghai,10.660000000000025,10.660000000000025,10.660000000000025,3.85,146,47,1024,81,0,0
537,2024-01-08 14:30:00,Shanghai,10.010000000000048,10.010000000000048,10.010000000000048,3.18,142,56,1024,99,0,0
538,2024-01-08 17:30:00,Shanghai,9.28000000000003,9.28000000000003,9.28000000000003,3.31,141,66,1023,99,0,0
539,2024-01-08 20:30:00,Shanghai,9.650000000000034,9.650000000000034,9.650000000000034,2.82,164,72,1022,100,0,0
540,2024-01-08 23:30:00,Shanghai,9.150000000000034,9.150000000000034,9.150000000000034,1.5,207,69,1022,99,0,0
541,2024-01-09 02:30:00,Shanghai,8.920000000000016,8.920000000000016,8.920000000000016,1.44,201,67,1021,100,0,0
542,2024-01-09 05:30:00,Shanghai,9.020000000000039,9.020000000000039,9.020000000000039,1.58,239,69,1021,95,0,0
543,2024-01-09 08:30:00,Shanghai,11.520000000000039,11.520000000000039,11.520000000000039,1.73,281,58,1021,85,0,0
544,2024-01-09 11:30:00,Shanghai,14.350000000000023,14.350000000000023,14.350000000000023,2.54,287,45,1018,52,0,0
545,2024-01-09 14:30:00,Shanghai,13.490000000000009,13.490000000000009,13.490000000000009,3.08,271,52,1019,12,0,0
546,2024-01-09 17:30:00,Shanghai,12.020000000000039,12.020000000000039,12.020000000000039,3.52,289,62,1020,26,0,0
547,2024-01-09 20:30:00,Shanghai,10.650000000000034,10.650000000000034,10.650000000000034,4.51,307,62,1022,66,0,0
548,2024-01-09 23:30:00,Shanghai,8.760000000000048,8.760000000000048,8.760000000000048,4.54,318,63,1022,81,0,0
549,2024-01-10 02:30:00,Shanghai,6.260000000000048,6.260000000000048,6.260000000000048,4.49,333,72,1023,72,0,0
550,2024-01-10 05:30:00,Shanghai,5.2900000000000205,5.2900000000000205,5.2900000000000205,4.97,326,67,1025,40,0,0
551,2024-01-10 08:30:00,Shanghai,6.720000000000027,6.720000000000027,6.720000000000027,5.54,334,57,1026,21,0,0
552,2024-01-10 11:30:00,Shanghai,7.980000000000018,7.980000000000018,7.980000000000018,5.57,336,42,1025,50,0,0
553,2024-01-10 14:30:00,Shanghai,6.860000000000014,6.860000000000014,6.860000000000014,4.72,353,44,1026,39,0,0
554,2024-01-10 17:30:00,Shanghai,4.939999999999998,4.939999999999998,4.939999999999998,3.71,354,50,1028,21,0,0
555,2024-01-10 20:30:00,Shanghai,4.0400000000000205,4.0400000000000205,4.0400000000000205,2.68,346,51,1028,0,0,0
556,2024-01-10 23:30:00,Shanghai,3.410000000000025,3.410000000000025,3.410000000000025,1.84,348,53,1027,0,0,0
557,2024-01-11 02:30:00,Shanghai,2.890000000000043,2.890000000000043,2.890000000000043,1.06,356,54,1026,0,0,0
558,2024-01-11 05:30:00,Shanghai,3.090000000000032,3.090000000000032,3.090000000000032,0.07,185,51,1027,0,0,0
559,2024-01-11 08:30:00,Shanghai,6.7900000000000205,6.7900000000000205,6.7900000000000205,1.81,210,29,1027,0,0,0
560,2024-01-06 11:30:00,Rio de Janeiro,23.920000000000016,22.200000000000045,23.920000000000016,2.01,294,88,1011,39,0,0
561,2024-01-06 14:30:00,Rio de Janeiro,23.060000000000002,22.200000000000045,23.060000000000002,1.81,313,90,1012,41,0,0
562,2024-01-06 17:30:00,Rio de Janeiro,26.02000000000004,26.02000000000004,26.02000000000004,1.73,240,74,1013,27,0,0
563,2024-01-06 20:30:00,Rio de Janeiro,26.689999999999998,26.689999999999998,26.689999999999998,3.38,189,71,1013,31,1,0
564,2024-01-06 23:30:00,Rio de Janeiro,26.890000000000043,26.890000000000043,26.890000000000043,3.38,173,70,1011,31,0,0
565,2024-01-07 02:30:00,Rio de Janeiro,25.27000000000004,25.27000000000004,25.27000000000004,2.29,155,78,1012,22,0,0
566,2024-01-07 05:30:00,Rio de Janeiro,23.960000000000036,23.960000000000036,23.960000000000036,0.92,111,86,1014,23,0,0
567,2024-01-07 08:30:00,Rio de Janeiro,23.07000000000005,23.07000000000005,23.07000000000005,1.1,14,89,1013,3,0,0
568,2024-01-07 11:30:00,Rio de Janeiro,22.360000000000014,22.360000000000014,22.360000000000014,0.96,30,90,1012,2,0,0
569,2024-01-07 14:30:00,Rio de Janeiro,22.400000000000034,22.400000000000034,22.400000000000034,1.39,45,89,1013,0,0,0
570,2024-01-07 17:30:00,Rio de Janeiro,26.310000000000002,26.310000000000002,26.310000000000002,1.9,78,70,1014,0,0,0
571,2024-01-07 20:30:00,Rio de Janeiro,28.920000000000016,28.920000000000016,28.920000000000016,3.67,125,63,1012,5,0,0
572,2024-01-07 23:30:00,Rio de Janeiro,28.25,28.25,28.25,4.82,120,66,1010,2,0,0
573,2024-01-08 02:30:00,Rio de Janeiro,25.680000000000007,25.680000000000007,25.680000000000007,4.06,114,76,1011,1,0,0
574,2024-01-08 05:30:00,Rio de Janeiro,24.30000000000001,24.30000000000001,24.30000000000001,2.84,87,84,1013,0,0,0
575,2024-01-08 08:30:00,Rio de Janeiro,23.5,23.5,23.5,2.03,63,87,1012,0,0,0
576,2024-01-08 11:30:00,Rio de Janeiro,22.99000000000001,22.99000000000001,22.99000000000001,1.45,40,89,1010,0,0,0
577,2024-01-08 14:30:00,Rio de Janeiro,23.340000000000032,23.340000000000032,23.340000000000032,1.69,24,88,1011,0,0,0
578,2024-01-08 17:30:00,Rio de Janeiro,28.970000000000027,28.970000000000027,28.970000000000027,1.35,60,65,1011,0,0,0
579,2024-01-08 20:30:00,Rio de Janeiro,31.900000000000034,31.900000000000034,31.900000000000034,3.41,123,55,1009,0,0,0
580,2024-01-08 23:30:00,Rio de Janeiro,31.100000000000023,31.100000000000023,31.100000000000023,3.88,119,60,1008,2,0,0
581,2024-01-09 02:30:00,Rio de Janeiro,28.370000000000005,28.370000000000005,28.370000000000005,2.99,112,72,1008,15,0,0
582,2024-01-09 05:30:00,Rio de Janeiro,26.360000000000014,26.360000000000014,26.360000000000014,1.79,82,83,1010,16,0,0
583,2024-01-09 08:30:00,Rio de Janeiro,26.0,26.0,26.0,1.71,5,81,1010,7,0,0
584,2024-01-09 11:30:00,Rio de Janeiro,25.340000000000032,25.340000000000032,25.340000000000032,1.51,356,83,1008,5,0,0
585,2024-01-09 14:30:00,Rio de Janeiro,25.33000000000004,25.33000000000004,25.33000000000004,0.85,13,83,1010,4,0,0
586,2024-01-09 17:30:00,Rio de Janeiro,29.58000000000004,29.58000000000004,29.58000000000004,0.46,205,66,1011,15,0,0
587,2024-01-09 20:30:00,Rio de Janeiro,31.24000000000001,31.24000000000001,31.24000000000001,3.65,181,60,1010,65,0,0
588,2024-01-09 23:30:00,Rio de Janeiro,30.390000000000043,30.390000000000043,30.390000000000043,3.39,163,63,1009,42,0,0
589,2024-01-10 02:30:00,Rio de Janeiro,27.600000000000023,27.600000000000023,27.600000000000023,2.24,126,75,1009,27,0,0
590,2024-01-10 05:30:00,Rio de Janeiro,25.810000000000002,25.810000000000002,25.810000000000002,1.14,112,84,1010,14,0,0
591,2024-01-10 08:30:00,Rio de Janeiro,25.05000000000001,25.05000000000001,25.05000000000001,0.99,287,86,1011,1,0,0
592,2024-01-10 11:30:00,Rio de Janeiro,24.689999999999998,24.689999999999998,24.689999999999998,0.75,290,85,1009,34,0,0
593,2024-01-10 14:30:00,Rio de Janeiro,24.83000000000004,24.83000000000004,24.83000000000004,1.76,252,85,1011,100,0,0
594,2024-01-10 17:30:00,Rio de Janeiro,28.04000000000002,28.04000000000002,28.04000000000002,1.36,236,72,1012,100,0,0
595,2024-01-10 20:30:00,Rio de Janeiro,30.960000000000036,30.960000000000036,30.960000000000036,2.67,165,62,1010,30,0,0
596,2024-01-10 23:30:00,Rio de Janeiro,30.29000000000002,30.29000000000002,30.29000000000002,4.14,151,64,1008,36,0,0
597,2024-01-11 02:30:00,Rio de Janeiro,28.30000000000001,28.30000000000001,28.30000000000001,2.93,112,71,1009,28,0,0
598,2024-01-11 05:30:00,Rio de Janeiro,26.57000000000005,26.57000000000005,26.57000000000005,1.46,72,81,1010,32,0,0
599,2024-01-11 08:30:00,Rio de Janeiro,26.090000000000032,26.090000000000032,26.090000000000032,0.66,322,82,1010,58,0,0
600,2024-01-06 11:30:00,Los Angeles,12.890000000000043,12.890000000000043,13.590000000000032,0.76,337,61,1023,0,0,0
601,2024-01-06 14:30:00,Los Angeles,12.910000000000025,12.910000000000025,13.090000000000032,1.86,27,42,1021,0,0,0
602,2024-01-06 17:30:00,Los Angeles,12.370000000000005,12.370000000000005,12.370000000000005,0.56,39,27,1021,0,0,0
603,2024-01-06 20:30:00,Los Angeles,11.82000000000005,11.82000000000005,11.82000000000005,1.43,78,24,1021,0,0,0
604,2024-01-06 23:30:00,Los Angeles,15.28000000000003,15.28000000000003,15.28000000000003,1.95,129,20,1022,0,0,0
605,2024-01-07 02:30:00,Los Angeles,17.140000000000043,17.140000000000043,17.140000000000043,2.66,182,31,1018,5,0,0
606,2024-01-07 05:30:00,Los Angeles,16.220000000000027,16.220000000000027,16.220000000000027,3.72,199,46,1016,19,0,0
607,2024-01-07 08:30:00,Los Angeles,13.890000000000043,13.890000000000043,13.890000000000043,2.92,226,59,1015,57,0,0
608,2024-01-07 11:30:00,Los Angeles,12.640000000000043,12.640000000000043,12.640000000000043,2.65,247,62,1014,55,0,0
609,2024-01-07 14:30:00,Los Angeles,12.150000000000034,12.150000000000034,12.150000000000034,3.59,266,71,1012,62,0,0
610,2024-01-07 17:30:00,Los Angeles,11.04000000000002,11.04000000000002,11.04000000000002,4.58,318,59,1010,47,0,0
611,2024-01-07 20:30:00,Los Angeles,8.920000000000016,8.920000000000016,8.920000000000016,9.02,341,44,1013,94,0,0
612,2024-01-07 23:30:00,Los Angeles,10.590000000000032,10.590000000000032,10.590000000000032,10.13,331,37,1015,60,0,0
613,2024-01-08 02:30:00,Los Angeles,12.560000000000002,12.560000000000002,12.560000000000002,9.8,329,26,1013,1,0,0
614,2024-01-08 05:30:00,Los Angeles,12.210000000000036,12.210000000000036,12.210000000000036,7.87,329,24,1014,0,0,0
615,2024-01-08 08:30:00,Los Angeles,10.220000000000027,10.220000000000027,10.220000000000027,7.21,335,29,1015,0,0,0
616,2024-01-08 11:30:00,Los Angeles,9.360000000000014,9.360000000000014,9.360000000000014,5.28,350,32,1016,0,0,0
617,2024-01-08 14:30:00,Los Angeles,8.930000000000007,8.930000000000007,8.930000000000007,3.36,2,31,1018,0,0,0
618,2024-01-08 17:30:00,Los Angeles,8.730000000000018,8.730000000000018,8.730000000000018,2.54,356,25,1019,0,0,0
619,2024-01-08 20:30:00,Los Angeles,8.420000000000016,8.420000000000016,8.420000000000016,2.34,355,22,1021,0,0,0
620,2024-01-08 23:30:00,Los Angeles,12.580000000000041,12.580000000000041,12.580000000000041,0.87,46,12,1024,3,0,0
621,2024-01-09 02:30:00,Los Angeles,15.29000000000002,15.29000000000002,15.29000000000002,0.61,255,10,1021,56,0,0
622,2024-01-09 05:30:00,Los Angeles,15.670000000000016,15.670000000000016,15.670000000000016,2.94,244,13,1021,30,0,0
623,2024-01-09 08:30:00,Los Angeles,12.810000000000002,12.810000000000002,12.810000000000002,1.58,268,30,1023,4,0,0
624,2024-01-09 11:30:00,Los Angeles,11.930000000000007,11.930000000000007,11.930000000000007,0.91,302,33,1023,2,0,0
625,2024-01-09 14:30:00,Los Angeles,11.32000000000005,11.32000000000005,11.32000000000005,0.66,28,31,1023,0,0,0
626,2024-01-09 17:30:00,Los Angeles,10.689999999999998,10.689999999999998,10.689999999999998,1.21,60,30,1022,2,0,0
627,2024-01-09 20:30:00,Los Angeles,10.25,10.25,10.25,1.1,38,31,1022,0,0,0
628,2024-01-09 23:30:00,Los Angeles,13.590000000000032,13.590000000000032,13.590000000000032,0.38,147,25,1022,0,0,0
629,2024-01-10 02:30:00,Los Angeles,15.980000000000018,15.980000000000018,15.980000000000018,1.91,256,22,1019,3,0,0
630,2024-01-10 05:30:00,Los Angeles,16.260000000000048,16.260000000000048,16.260000000000048,3.65,243,26,1017,5,0,0
631,2024-01-10 08:30:00,Los Angeles,13.620000000000005,13.620000000000005,13.620000000000005,1.7,243,41,1018,30,0,0
632,2024-01-10 11:30:00,Los Angeles,12.620000000000005,12.620000000000005,12.620000000000005,0.08,196,49,1018,29,0,0
633,2024-01-10 14:30:00,Los Angeles,11.770000000000039,11.770000000000039,11.770000000000039,0.48,54,49,1017,6,0,0
634,2024-01-10 17:30:00,Los Angeles,11.100000000000023,11.100000000000023,11.100000000000023,1.4,61,50,1016,6,0,0
635,2024-01-10 20:30:00,Los Angeles,10.310000000000002,10.310000000000002,10.310000000000002,1.83,80,52,1016,2,0,0
636,2024-01-10 23:30:00,Los Angeles,13.520000000000039,13.520000000000039,13.520000000000039,1.68,104,46,1017,1,0,0
637,2024-01-11 02:30:00,Los Angeles,15.879999999999995,15.879999999999995,15.879999999999995,1.75,170,42,1014,0,0,0
638,2024-01-11 05:30:00,Los Angeles,15.920000000000016,15.920000000000016,15.920000000000016,2.46,216,45,1013,0,0,0
639,2024-01-11 08:30:00,Los Angeles,13.400000000000034,13.400000000000034,13.400000000000034,2.0,201,65,1014,59,0,0
640,2024-01-06 11:30:00,Buenos Aires,25.390000000000043,23.700000000000045,25.390000000000043,5.63,5,71,1010,20,0,0
641,2024-01-06 14:30:00,Buenos Aires,24.02000000000004,22.910000000000025,24.02000000000004,0.73,296,71,1011,65,0,0
642,2024-01-06 17:30:00,Buenos Aires,22.660000000000025,22.660000000000025,22.660000000000025,1.59,230,74,1011,98,1,0
643,2024-01-06 20:30:00,Buenos Aires,26.689999999999998,26.689999999999998,26.689999999999998,3.8,343,59,1009,100,0,1
644,2024-01-06 23:30:00,Buenos Aires,27.77000000000004,27.77000000000004,27.77000000000004,3.87,293,53,1009,100,0,1
645,2024-01-07 02:30:00,Buenos Aires,27.010000000000048,27.010000000000048,27.010000000000048,1.67,264,55,1007,100,0,1
646,2024-01-07 05:30:00,Buenos Aires,26.120000000000005,26.120000000000005,26.120000000000005,1.27,313,58,1008,100,0,1
647,2024-01-07 08:30:00,Buenos Aires,24.360000000000014,24.360000000000014,24.360000000000014,1.6,225,67,1008,100,0,1
648,2024-01-07 11:30:00,Buenos Aires,23.420000000000016,23.420000000000016,23.420000000000016,2.62,167,74,1007,99,0,0
649,2024-01-07 14:30:00,Buenos Aires,22.840000000000032,22.840000000000032,22.840000000000032,2.52,148,79,1007,100,0,0
650,2024-01-07 17:30:00,Buenos Aires,24.04000000000002,24.04000000000002,24.04000000000002,1.28,181,72,1008,100,0,0
651,2024-01-07 20:30:00,Buenos Aires,26.939999999999998,26.939999999999998,26.939999999999998,1.4,54,59,1008,100,1,0
652,2024-01-07 23:30:00,Buenos Aires,27.24000000000001,27.24000000000001,27.24000000000001,4.14,32,60,1006,99,1,0
653,2024-01-08 02:30:00,Buenos Aires,27.55000000000001,27.55000000000001,27.55000000000001,5.19,339,60,1004,100,1,0
654,2024-01-08 05:30:00,Buenos Aires,24.54000000000002,24.54000000000002,24.54000000000002,0.97,273,76,1005,85,1,0
655,2024-01-08 08:30:00,Buenos Aires,22.210000000000036,22.210000000000036,22.210000000000036,5.34,230,84,1008,25,1,0
656,2024-01-08 11:30:00,Buenos Aires,20.439999999999998,20.439999999999998,20.439999999999998,1.02,142,89,1005,31,0,0
657,2024-01-08 14:30:00,Buenos Aires,20.340000000000032,20.340000000000032,20.340000000000032,1.08,174,89,1006,32,0,0
658,2024-01-08 17:30:00,Buenos Aires,22.590000000000032,22.590000000000032,22.590000000000032,2.33,285,76,1008,48,0,0
659,2024-01-08 20:30:00,Buenos Aires,28.430000000000007,28.430000000000007,28.430000000000007,1.33,225,47,1007,15,0,0
660,2024-01-08 23:30:00,Buenos Aires,30.80000000000001,30.80000000000001,30.80000000000001,0.79,57,38,1007,13,0,0
661,2024-01-09 02:30:00,Buenos Aires,31.33000000000004,31.33000000000004,31.33000000000004,1.3,91,37,1006,24,0,0
662,2024-01-09 05:30:00,Buenos Aires,27.52000000000004,27.52000000000004,27.52000000000004,2.2,124,52,1007,14,0,0
663,2024-01-09 08:30:00,Buenos Aires,26.180000000000007,26.180000000000007,26.180000000000007,2.83,133,61,1009,93,0,1
664,2024-01-09 11:30:00,Buenos Aires,24.390000000000043,24.390000000000043,24.390000000000043,2.82,121,71,1009,95,0,0
665,2024-01-09 14:30:00,Buenos Aires,23.5,23.5,23.5,1.22,69,70,1010,1,0,0
666,2024-01-09 17:30:00,Buenos Aires,25.82000000000005,25.82000000000005,25.82000000000005,4.26,101,59,1010,1,0,0
667,2024-01-09 20:30:00,Buenos Aires,27.140000000000043,27.140000000000043,27.140000000000043,4.93,87,59,1010,1,0,0
668,2024-01-09 23:30:00,Buenos Aires,29.460000000000036,29.460000000000036,29.460000000000036,3.91,103,50,1007,24,0,0
669,2024-01-10 02:30:00,Buenos Aires,27.890000000000043,27.890000000000043,27.890000000000043,6.85,75,58,1004,81,0,0
670,2024-01-10 05:30:00,Buenos Aires,25.150000000000034,25.150000000000034,25.150000000000034,5.98,89,72,1005,78,0,0
671,2024-01-10 08:30:00,Buenos Aires,21.75,21.75,21.75,8.37,155,84,1010,100,1,0
672,2024-01-10 11:30:00,Buenos Aires,21.920000000000016,21.920000000000016,21.920000000000016,6.93,90,79,1008,83,0,0
673,2024-01-10 14:30:00,Buenos Aires,22.04000000000002,22.04000000000002,22.04000000000002,4.89,121,82,1008,7,0,0
674,2024-01-10 17:30:00,Buenos Aires,23.650000000000034,23.650000000000034,23.650000000000034,7.02,143,71,1009,32,0,0
675,2024-01-10 20:30:00,Buenos Aires,26.80000000000001,26.80000000000001,26.80000000000001,5.79,106,56,1011,100,0,0
676,2024-01-10 23:30:00,Buenos Aires,25.5,25.5,25.5,7.05,92,63,1012,100,0,0
677,2024-01-11 02:30:00,Buenos Aires,25.879999999999995,25.879999999999995,25.879999999999995,8.03,104,55,1011,100,0,0
678,2024-01-11 05:30:00,Buenos Aires,23.170000000000016,23.170000000000016,23.170000000000016,9.08,118,71,1013,60,0,0
679,2024-01-11 08:30:00,Buenos Aires,21.52000000000004,21.52000000000004,21.52000000000004,8.25,116,74,1014,13,0,0
680,2024-01-06 11:30:00,Sydney,24.360000000000014,22.340000000000032,24.360000000000014,4.89,75,59,1020,60,0,0
681,2024-01-06 14:30:00,Sydney,22.25,20.689999999999998,22.25,4.86,57,65,1020,52,0,0
682,2024-01-06 17:30:00,Sydney,19.950000000000045,19.950000000000045,19.950000000000045,4.14,44,72,1020,49,0,0
683,2024-01-06 20:30:00,Sydney,19.129999999999995,19.129999999999995,19.129999999999995,3.51,22,77,1018,18,0,0
684,2024-01-06 23:30:00,Sydney,18.260000000000048,18.260000000000048,18.260000000000048,2.24,344,80,1018,56,0,0
685,2024-01-07 02:30:00,Sydney,20.600000000000023,20.600000000000023,20.600000000000023,1.64,330,70,1020,81,0,0
686,2024-01-07 05:30:00,Sydney,23.950000000000045,23.950000000000045,23.950000000000045,5.05,43,60,1019,91,0,0
687,2024-01-07 08:30:00,Sydney,24.78000000000003,24.78000000000003,24.78000000000003,6.93,57,60,1016,100,0,0
688,2024-01-07 11:30:00,Sydney,24.260000000000048,24.260000000000048,24.260000000000048,8.13,50,62,1014,96,0,1
689,2024-01-07 14:30:00,Sydney,22.310000000000002,22.310000000000002,22.310000000000002,8.62,37,72,1014,49,0,1
690,2024-01-07 17:30:00,Sydney,21.53000000000003,21.53000000000003,21.53000000000003,6.51,19,76,1014,61,0,1
691,2024-01-07 20:30:00,Sydney,20.58000000000004,20.58000000000004,20.58000000000004,4.15,31,79,1012,70,0,1
692,2024-01-07 23:30:00,Sydney,19.980000000000018,19.980000000000018,19.980000000000018,3.54,22,82,1011,85,0,1
693,2024-01-08 02:30:00,Sydney,20.700000000000045,20.700000000000045,20.700000000000045,2.39,352,73,1012,100,0,1
694,2024-01-08 05:30:00,Sydney,22.470000000000027,22.470000000000027,22.470000000000027,2.26,7,66,1012,100,0,0
695,2024-01-08 08:30:00,Sydney,23.83000000000004,23.83000000000004,23.83000000000004,2.42,350,66,1011,100,0,0
696,2024-01-08 11:30:00,Sydney,21.420000000000016,21.420000000000016,21.420000000000016,6.09,11,85,1010,100,1,1
697,2024-01-08 14:30:00,Sydney,21.210000000000036,21.210000000000036,21.210000000000036,4.85,355,88,1011,99,1,0
698,2024-01-08 17:30:00,Sydney,20.610000000000014,20.610000000000014,20.610000000000014,3.55,6,91,1010,99,1,0
699,2024-01-08 20:30:00,Sydney,20.600000000000023,20.600000000000023,20.600000000000023,2.88,352,93,1009,79,1,0
700,2024-01-08 23:30:00,Sydney,20.410000000000025,20.410000000000025,20.410000000000025,3.13,341,90,1009,57,1,0
701,2024-01-09 02:30:00,Sydney,21.480000000000018,21.480000000000018,21.480000000000018,2.65,222,89,1011,46,1,0
702,2024-01-09 05:30:00,Sydney,23.100000000000023,23.100000000000023,23.100000000000023,6.25,175,82,1012,66,0,0
703,2024-01-09 08:30:00,Sydney,23.870000000000005,23.870000000000005,23.870000000000005,6.61,165,72,1011,52,0,0
704,2024-01-09 11:30:00,Sydney,23.07000000000005,23.07000000000005,23.07000000000005,5.46,151,75,1011,51,1,0
705,2024-01-09 14:30:00,Sydney,21.55000000000001,21.55000000000001,21.55000000000001,4.58,150,84,1013,35,0,0
706,2024-01-09 17:30:00,Sydney,20.950000000000045,20.950000000000045,20.950000000000045,2.98,152,87,1015,43,0,0
707,2024-01-09 20:30:00,Sydney,20.52000000000004,20.52000000000004,20.52000000000004,1.9,190,87,1014,56,0,0
708,2024-01-09 23:30:00,Sydney,20.420000000000016,20.420000000000016,20.420000000000016,1.24,192,85,1014,72,0,1
709,2024-01-10 02:30:00,Sydney,21.970000000000027,21.970000000000027,21.970000000000027,0.41,29,76,1015,81,0,1
710,2024-01-10 05:30:00,Sydney,24.010000000000048,24.010000000000048,24.010000000000048,3.24,72,69,1015,83,0,1
711,2024-01-10 08:30:00,Sydney,25.33000000000004,25.33000000000004,25.33000000000004,5.21,76,67,1014,23,0,1
712,2024-01-10 11:30:00,Sydney,24.610000000000014,24.610000000000014,24.610000000000014,5.64,66,74,1013,22,0,0
713,2024-01-10 14:30:00,Sydney,22.930000000000007,22.930000000000007,22.930000000000007,3.92,63,86,1014,65,0,0
714,2024-01-10 17:30:00,Sydney,22.189999999999998,22.189999999999998,22.189999999999998,1.3,42,93,1016,67,0,0
715,2024-01-10 20:30:00,Sydney,22.400000000000034,22.400000000000034,22.400000000000034,1.3,186,93,1015,90,0,0
716,2024-01-10 23:30:00,Sydney,22.170000000000016,22.170000000000016,22.170000000000016,2.58,178,94,1016,74,1,0
717,2024-01-11 02:30:00,Sydney,22.879999999999995,22.879999999999995,22.879999999999995,4.08,174,92,1019,89,1,0
718,2024-01-11 05:30:00,Sydney,23.660000000000025,23.660000000000025,23.660000000000025,5.86,166,87,1020,93,1,0
719,2024-01-11 08:30:00,Sydney,24.420000000000016,24.420000000000016,24.420000000000016,6.19,149,80,1020,75,1,0
720,2024-01-06 11:30:00,Johannesburg,16.74000000000001,16.74000000000001,20.710000000000036,3.15,315,79,1018,33,0,0
721,2024-01-06 14:30:00,Johannesburg,23.100000000000023,23.100000000000023,27.27000000000004,2.21,268,50,1016,12,0,0
722,2024-01-06 17:30:00,Johannesburg,28.100000000000023,28.100000000000023,28.100000000000023,0.68,239,24,1012,35,0,0
723,2024-01-06 20:30:00,Johannesburg,27.430000000000007,27.430000000000007,27.430000000000007,2.9,315,28,1011,89,0,1
724,2024-01-06 23:30:00,Johannesburg,23.220000000000027,23.220000000000027,23.220000000000027,2.98,278,39,1013,58,0,1
725,2024-01-07 02:30:00,Johannesburg,22.340000000000032,22.340000000000032,22.340000000000032,1.64,271,40,1014,61,0,1
726,2024-01-07 05:30:00,Johannesburg,21.49000000000001,21.49000000000001,21.49000000000001,0.87,351,41,1013,70,0,1
727,2024-01-07 08:30:00,Johannesburg,19.75,19.75,19.75,1.94,352,53,1014,65,0,0
728,2024-01-07 11:30:00,Johannesburg,23.189999999999998,23.189999999999998,23.189999999999998,3.58,325,44,1014,56,0,0
729,2024-01-07 14:30:00,Johannesburg,29.390000000000043,29.390000000000043,29.390000000000043,2.68,307,25,1012,4,0,0
730,2024-01-07 17:30:00,Johannesburg,29.760000000000048,29.760000000000048,29.760000000000048,0.64,310,22,1009,35,0,1
731,2024-01-07 20:30:00,Johannesburg,25.80000000000001,25.80000000000001,25.80000000000001,1.15,202,34,1009,86,1,1
732,2024-01-07 23:30:00,Johannesburg,19.910000000000025,19.910000000000025,19.910000000000025,4.53,16,62,1014,90,1,1
733,2024-01-08 02:30:00,Johannesburg,18.010000000000048,18.010000000000048,18.010000000000048,2.54,56,77,1015,88,1,1
734,2024-01-08 05:30:00,Johannesburg,17.480000000000018,17.480000000000018,17.480000000000018,0.66,110,76,1014,78,1,1
735,2024-01-08 08:30:00,Johannesburg,16.890000000000043,16.890000000000043,16.890000000000043,1.52,111,78,1015,99,0,1
736,2024-01-08 11:30:00,Johannesburg,19.510000000000048,19.510000000000048,19.510000000000048,2.51,33,63,1015,96,0,1
737,2024-01-08 14:30:00,Johannesburg,22.930000000000007,22.930000000000007,22.930000000000007,4.91,355,48,1014,78,0,0
738,2024-01-08 17:30:00,Johannesburg,21.80000000000001,21.80000000000001,21.80000000000001,2.18,248,60,1012,75,1,0
739,2024-01-08 20:30:00,Johannesburg,17.29000000000002,17.29000000000002,17.29000000000002,4.39,182,88,1012,93,1,0
740,2024-01-08 23:30:00,Johannesburg,15.680000000000007,15.680000000000007,15.680000000000007,2.78,139,90,1014,97,1,0
741,2024-01-09 02:30:00,Johannesburg,15.150000000000034,15.150000000000034,15.150000000000034,3.26,80,93,1015,100,1,1
742,2024-01-09 05:30:00,Johannesburg,15.090000000000032,15.090000000000032,15.090000000000032,1.73,71,89,1014,100,1,1
743,2024-01-09 08:30:00,Johannesburg,14.950000000000045,14.950000000000045,14.950000000000045,1.47,103,92,1016,98,1,1
744,2024-01-09 11:30:00,Johannesburg,15.930000000000007,15.930000000000007,15.930000000000007,3.44,35,87,1016,99,1,0
745,2024-01-09 14:30:00,Johannesburg,20.160000000000025,20.160000000000025,20.160000000000025,3.97,8,59,1015,100,0,0
746,2024-01-09 17:30:00,Johannesburg,21.220000000000027,21.220000000000027,21.220000000000027,2.81,332,48,1013,100,0,0
747,2024-01-09 20:30:00,Johannesburg,19.650000000000034,19.650000000000034,19.650000000000034,0.99,256,52,1012,100,0,1
748,2024-01-09 23:30:00,Johannesburg,18.680000000000007,18.680000000000007,18.680000000000007,1.45,152,57,1013,100,0,1
749,2024-01-10 02:30:00,Johannesburg,17.150000000000034,17.150000000000034,17.150000000000034,1.59,91,75,1014,100,1,0
750,2024-01-10 05:30:00,Johannesburg,16.620000000000005,16.620000000000005,16.620000000000005,2.1,29,86,1013,99,1,1
751,2024-01-10 08:30:00,Johannesburg,15.689999999999998,15.689999999999998,15.689999999999998,3.72,16,83,1014,100,1,1
752,2024-01-10 11:30:00,Johannesburg,18.350000000000023,18.350000000000023,18.350000000000023,3.32,1,69,1014,90,0,0
753,2024-01-10 14:30:00,Johannesburg,20.57000000000005,20.57000000000005,20.57000000000005,3.09,328,56,1013,98,0,0
754,2024-01-10 17:30:00,Johannesburg,23.25,23.25,23.25,2.32,305,45,1011,91,0,0
755,2024-01-10 20:30:00,Johannesburg,24.760000000000048,24.760000000000048,24.760000000000048,2.73,235,44,1008,48,1,0
756,2024-01-10 23:30:00,Johannesburg,20.410000000000025,20.410000000000025,20.410000000000025,0.98,142,66,1011,67,1,0
757,2024-01-11 02:30:00,Johannesburg,19.05000000000001,19.05000000000001,19.05000000000001,1.38,103,71,1012,86,0,0
758,2024-01-11 05:30:00,Johannesburg,16.75,16.75,16.75,1.66,130,84,1012,79,1,0
759,2024-01-11 08:30:00,Johannesburg,15.770000000000039,15.770000000000039,15.770000000000039,2.23,103,92,1014,100,1,0
